scenario,mode,frame,pass,frame_cpu_ms,submitted_rows,first_row,last_row,discard_requests,refused,reasons
Idle,All,0,0,22.092084,10000,0,9999,0,false,
Idle,All,1,0,22.990000,10000,0,9999,0,false,
Idle,All,2,0,25.327584,10000,0,9999,0,false,
Idle,All,3,0,25.150333,10000,0,9999,0,false,
Idle,All,4,0,24.671833,10000,0,9999,0,false,
Idle,All,5,0,23.768708,10000,0,9999,0,false,
Idle,All,6,0,22.369916,10000,0,9999,0,false,
Idle,All,7,0,23.873125,10000,0,9999,0,false,
Idle,All,8,0,23.177041,10000,0,9999,0,false,
Idle,All,9,0,22.353667,10000,0,9999,0,false,
Idle,All,10,0,22.528583,10000,0,9999,0,false,
Idle,All,11,0,22.344416,10000,0,9999,0,false,
Idle,All,12,0,23.028459,10000,0,9999,0,false,
Idle,All,13,0,22.850042,10000,0,9999,0,false,
Idle,All,14,0,22.291625,10000,0,9999,0,false,
Idle,All,15,0,21.784250,10000,0,9999,0,false,
Idle,All,16,0,23.188375,10000,0,9999,0,false,
Idle,All,17,0,23.005333,10000,0,9999,0,false,
Idle,All,18,0,22.099291,10000,0,9999,0,false,
Idle,All,19,0,21.934541,10000,0,9999,0,false,
Idle,All,20,0,21.784167,10000,0,9999,0,false,
Idle,All,21,0,22.736708,10000,0,9999,0,false,
Idle,All,22,0,22.841750,10000,0,9999,0,false,
Idle,All,23,0,22.323042,10000,0,9999,0,false,
Idle,All,24,0,22.223375,10000,0,9999,0,false,
Idle,All,25,0,22.720125,10000,0,9999,0,false,
Idle,All,26,0,22.132167,10000,0,9999,0,false,
Idle,All,27,0,24.207000,10000,0,9999,0,false,
Idle,All,28,0,23.340916,10000,0,9999,0,false,
Idle,All,29,0,23.142291,10000,0,9999,0,false,
Idle,All,30,0,22.893375,10000,0,9999,0,false,
Idle,All,31,0,23.917750,10000,0,9999,0,false,
Idle,All,32,0,23.848458,10000,0,9999,0,false,
Idle,All,33,0,22.521709,10000,0,9999,0,false,
Idle,All,34,0,22.327084,10000,0,9999,0,false,
Idle,All,35,0,22.383375,10000,0,9999,0,false,
Idle,All,36,0,23.221334,10000,0,9999,0,false,
Idle,All,37,0,22.564750,10000,0,9999,0,false,
Idle,All,38,0,22.383916,10000,0,9999,0,false,
Idle,All,39,0,21.982875,10000,0,9999,0,false,
Idle,All,40,0,21.773583,10000,0,9999,0,false,
Idle,All,41,0,23.025708,10000,0,9999,0,false,
Idle,All,42,0,23.542833,10000,0,9999,0,false,
Idle,All,43,0,22.371500,10000,0,9999,0,false,
Idle,All,44,0,22.189750,10000,0,9999,0,false,
Idle,All,45,0,22.175000,10000,0,9999,0,false,
Idle,All,46,0,23.828250,10000,0,9999,0,false,
Idle,All,47,0,23.333209,10000,0,9999,0,false,
Idle,All,48,0,22.477042,10000,0,9999,0,false,
Idle,All,49,0,21.921125,10000,0,9999,0,false,
Idle,All,50,0,22.338458,10000,0,9999,0,false,
Idle,All,51,0,23.548334,10000,0,9999,0,false,
Idle,All,52,0,22.712208,10000,0,9999,0,false,
Idle,All,53,0,22.281292,10000,0,9999,0,false,
Idle,All,54,0,22.532333,10000,0,9999,0,false,
Idle,All,55,0,23.020709,10000,0,9999,0,false,
Idle,All,56,0,23.836417,10000,0,9999,0,false,
Idle,All,57,0,23.458916,10000,0,9999,0,false,
Idle,All,58,0,22.363417,10000,0,9999,0,false,
Idle,All,59,0,22.356625,10000,0,9999,0,false,
Idle,All,60,0,23.389584,10000,0,9999,0,false,
Idle,All,61,0,23.901209,10000,0,9999,0,false,
Idle,All,62,0,22.470083,10000,0,9999,0,false,
Idle,All,63,0,22.131625,10000,0,9999,0,false,
Idle,All,64,0,22.004000,10000,0,9999,0,false,
Idle,All,65,0,22.896875,10000,0,9999,0,false,
Idle,All,66,0,22.747875,10000,0,9999,0,false,
Idle,All,67,0,22.297250,10000,0,9999,0,false,
Idle,All,68,0,22.711167,10000,0,9999,0,false,
Idle,All,69,0,22.194250,10000,0,9999,0,false,
Idle,All,70,0,23.504833,10000,0,9999,0,false,
Idle,All,71,0,23.080792,10000,0,9999,0,false,
Idle,All,72,0,22.355875,10000,0,9999,0,false,
Idle,All,73,0,21.987500,10000,0,9999,0,false,
Idle,All,74,0,22.730667,10000,0,9999,0,false,
Idle,All,75,0,22.733208,10000,0,9999,0,false,
Idle,All,76,0,24.104167,10000,0,9999,0,false,
Idle,All,77,0,22.418625,10000,0,9999,0,false,
Idle,All,78,0,21.938625,10000,0,9999,0,false,
Idle,All,79,0,21.808958,10000,0,9999,0,false,
Idle,All,80,0,22.707292,10000,0,9999,0,false,
Idle,All,81,0,23.018000,10000,0,9999,0,false,
Idle,All,82,0,22.481500,10000,0,9999,0,false,
Idle,All,83,0,21.889125,10000,0,9999,0,false,
Idle,All,84,0,22.179000,10000,0,9999,0,false,
Idle,All,85,0,23.417500,10000,0,9999,0,false,
Idle,All,86,0,22.829584,10000,0,9999,0,false,
Idle,All,87,0,22.157291,10000,0,9999,0,false,
Idle,All,88,0,22.080042,10000,0,9999,0,false,
Idle,All,89,0,23.829458,10000,0,9999,0,false,
Idle,All,90,0,24.097708,10000,0,9999,0,false,
Idle,All,91,0,22.699000,10000,0,9999,0,false,
Idle,All,92,0,22.064542,10000,0,9999,0,false,
Idle,All,93,0,21.755459,10000,0,9999,0,false,
Idle,All,94,0,22.294166,10000,0,9999,0,false,
Idle,All,95,0,23.646208,10000,0,9999,0,false,
Idle,All,96,0,22.870334,10000,0,9999,0,false,
Idle,All,97,0,22.261416,10000,0,9999,0,false,
Idle,All,98,0,21.777250,10000,0,9999,0,false,
Idle,All,99,0,23.061167,10000,0,9999,0,false,
Idle,All,100,0,22.839667,10000,0,9999,0,false,
Idle,All,101,0,22.722875,10000,0,9999,0,false,
Idle,All,102,0,21.948834,10000,0,9999,0,false,
Idle,All,103,0,21.806583,10000,0,9999,0,false,
Idle,All,104,0,23.247125,10000,0,9999,0,false,
Idle,All,105,0,23.447667,10000,0,9999,0,false,
Idle,All,106,0,22.664916,10000,0,9999,0,false,
Idle,All,107,0,22.905125,10000,0,9999,0,false,
Idle,All,108,0,23.022083,10000,0,9999,0,false,
Idle,All,109,0,22.281750,10000,0,9999,0,false,
Idle,All,110,0,21.988375,10000,0,9999,0,false,
Idle,All,111,0,21.864375,10000,0,9999,0,false,
Idle,All,112,0,22.841250,10000,0,9999,0,false,
Idle,All,113,0,21.842917,10000,0,9999,0,false,
Idle,All,114,0,22.866833,10000,0,9999,0,false,
Idle,All,115,0,23.188000,10000,0,9999,0,false,
Idle,All,116,0,22.489041,10000,0,9999,0,false,
Idle,All,117,0,22.484625,10000,0,9999,0,false,
Idle,All,118,0,22.774542,10000,0,9999,0,false,
Idle,All,119,0,23.371083,10000,0,9999,0,false,
Idle,Virtual,0,0,0.146416,37,0,36,0,false,
Idle,Virtual,1,0,0.114750,37,0,36,0,false,
Idle,Virtual,2,0,0.157750,37,0,36,0,false,
Idle,Virtual,3,0,0.141375,37,0,36,0,false,
Idle,Virtual,4,0,0.119666,37,0,36,0,false,
Idle,Virtual,5,0,0.161958,37,0,36,0,false,
Idle,Virtual,6,0,0.165667,37,0,36,0,false,
Idle,Virtual,7,0,0.131792,37,0,36,0,false,
Idle,Virtual,8,0,0.140791,37,0,36,0,false,
Idle,Virtual,9,0,0.139792,37,0,36,0,false,
Idle,Virtual,10,0,0.116084,37,0,36,0,false,
Idle,Virtual,11,0,0.139750,37,0,36,0,false,
Idle,Virtual,12,0,0.158167,37,0,36,0,false,
Idle,Virtual,13,0,0.131625,37,0,36,0,false,
Idle,Virtual,14,0,0.137958,37,0,36,0,false,
Idle,Virtual,15,0,0.140084,37,0,36,0,false,
Idle,Virtual,16,0,0.163500,37,0,36,0,false,
Idle,Virtual,17,0,0.154709,37,0,36,0,false,
Idle,Virtual,18,0,0.148208,37,0,36,0,false,
Idle,Virtual,19,0,0.120292,37,0,36,0,false,
Idle,Virtual,20,0,0.147083,37,0,36,0,false,
Idle,Virtual,21,0,0.144125,37,0,36,0,false,
Idle,Virtual,22,0,0.117041,37,0,36,0,false,
Idle,Virtual,23,0,0.145125,37,0,36,0,false,
Idle,Virtual,24,0,0.141958,37,0,36,0,false,
Idle,Virtual,25,0,0.114666,37,0,36,0,false,
Idle,Virtual,26,0,0.149000,37,0,36,0,false,
Idle,Virtual,27,0,0.161208,37,0,36,0,false,
Idle,Virtual,28,0,0.130292,37,0,36,0,false,
Idle,Virtual,29,0,0.147541,37,0,36,0,false,
Idle,Virtual,30,0,0.148334,37,0,36,0,false,
Idle,Virtual,31,0,0.112541,37,0,36,0,false,
Idle,Virtual,32,0,0.150416,37,0,36,0,false,
Idle,Virtual,33,0,0.150292,37,0,36,0,false,
Idle,Virtual,34,0,0.119708,37,0,36,0,false,
Idle,Virtual,35,0,0.145916,37,0,36,0,false,
Idle,Virtual,36,0,0.147709,37,0,36,0,false,
Idle,Virtual,37,0,0.116666,37,0,36,0,false,
Idle,Virtual,38,0,0.145167,37,0,36,0,false,
Idle,Virtual,39,0,0.144291,37,0,36,0,false,
Idle,Virtual,40,0,0.124041,37,0,36,0,false,
Idle,Virtual,41,0,0.147291,37,0,36,0,false,
Idle,Virtual,42,0,0.138959,37,0,36,0,false,
Idle,Virtual,43,0,0.131541,37,0,36,0,false,
Idle,Virtual,44,0,0.138333,37,0,36,0,false,
Idle,Virtual,45,0,0.168667,37,0,36,0,false,
Idle,Virtual,46,0,0.131875,37,0,36,0,false,
Idle,Virtual,47,0,0.162292,37,0,36,0,false,
Idle,Virtual,48,0,0.142542,37,0,36,0,false,
Idle,Virtual,49,0,0.120833,37,0,36,0,false,
Idle,Virtual,50,0,0.149208,37,0,36,0,false,
Idle,Virtual,51,0,0.155458,37,0,36,0,false,
Idle,Virtual,52,0,0.120875,37,0,36,0,false,
Idle,Virtual,53,0,0.144042,37,0,36,0,false,
Idle,Virtual,54,0,0.144000,37,0,36,0,false,
Idle,Virtual,55,0,0.115667,37,0,36,0,false,
Idle,Virtual,56,0,0.148916,37,0,36,0,false,
Idle,Virtual,57,0,0.137000,37,0,36,0,false,
Idle,Virtual,58,0,0.110166,37,0,36,0,false,
Idle,Virtual,59,0,0.153166,37,0,36,0,false,
Idle,Virtual,60,0,0.151041,37,0,36,0,false,
Idle,Virtual,61,0,0.117209,37,0,36,0,false,
Idle,Virtual,62,0,0.146291,37,0,36,0,false,
Idle,Virtual,63,0,0.138666,37,0,36,0,false,
Idle,Virtual,64,0,0.114084,37,0,36,0,false,
Idle,Virtual,65,0,0.141875,37,0,36,0,false,
Idle,Virtual,66,0,0.147667,37,0,36,0,false,
Idle,Virtual,67,0,0.113000,37,0,36,0,false,
Idle,Virtual,68,0,0.141000,37,0,36,0,false,
Idle,Virtual,69,0,0.137958,37,0,36,0,false,
Idle,Virtual,70,0,0.118833,37,0,36,0,false,
Idle,Virtual,71,0,0.157875,37,0,36,0,false,
Idle,Virtual,72,0,0.140750,37,0,36,0,false,
Idle,Virtual,73,0,0.112000,37,0,36,0,false,
Idle,Virtual,74,0,0.149291,37,0,36,0,false,
Idle,Virtual,75,0,0.138875,37,0,36,0,false,
Idle,Virtual,76,0,0.111584,37,0,36,0,false,
Idle,Virtual,77,0,0.139458,37,0,36,0,false,
Idle,Virtual,78,0,0.153250,37,0,36,0,false,
Idle,Virtual,79,0,0.112708,37,0,36,0,false,
Idle,Virtual,80,0,0.144750,37,0,36,0,false,
Idle,Virtual,81,0,0.138333,37,0,36,0,false,
Idle,Virtual,82,0,0.121750,37,0,36,0,false,
Idle,Virtual,83,0,0.138000,37,0,36,0,false,
Idle,Virtual,84,0,0.152750,37,0,36,0,false,
Idle,Virtual,85,0,0.124917,37,0,36,0,false,
Idle,Virtual,86,0,0.148875,37,0,36,0,false,
Idle,Virtual,87,0,0.134709,37,0,36,0,false,
Idle,Virtual,88,0,0.110666,37,0,36,0,false,
Idle,Virtual,89,0,0.179625,37,0,36,0,false,
Idle,Virtual,90,0,0.159000,37,0,36,0,false,
Idle,Virtual,91,0,0.112875,37,0,36,0,false,
Idle,Virtual,92,0,0.142875,37,0,36,0,false,
Idle,Virtual,93,0,0.131917,37,0,36,0,false,
Idle,Virtual,94,0,0.110625,37,0,36,0,false,
Idle,Virtual,95,0,0.145667,37,0,36,0,false,
Idle,Virtual,96,0,0.143083,37,0,36,0,false,
Idle,Virtual,97,0,0.114375,37,0,36,0,false,
Idle,Virtual,98,0,0.174791,37,0,36,0,false,
Idle,Virtual,99,0,0.145667,37,0,36,0,false,
Idle,Virtual,100,0,0.112875,37,0,36,0,false,
Idle,Virtual,101,0,0.153167,37,0,36,0,false,
Idle,Virtual,102,0,0.144208,37,0,36,0,false,
Idle,Virtual,103,0,0.122250,37,0,36,0,false,
Idle,Virtual,104,0,0.145709,37,0,36,0,false,
Idle,Virtual,105,0,0.141250,37,0,36,0,false,
Idle,Virtual,106,0,0.114083,37,0,36,0,false,
Idle,Virtual,107,0,0.144833,37,0,36,0,false,
Idle,Virtual,108,0,0.139667,37,0,36,0,false,
Idle,Virtual,109,0,0.110959,37,0,36,0,false,
Idle,Virtual,110,0,0.138750,37,0,36,0,false,
Idle,Virtual,111,0,0.135125,37,0,36,0,false,
Idle,Virtual,112,0,0.116709,37,0,36,0,false,
Idle,Virtual,113,0,0.144709,37,0,36,0,false,
Idle,Virtual,114,0,0.141458,37,0,36,0,false,
Idle,Virtual,115,0,0.112000,37,0,36,0,false,
Idle,Virtual,116,0,0.139625,37,0,36,0,false,
Idle,Virtual,117,0,0.142958,37,0,36,0,false,
Idle,Virtual,118,0,0.111125,37,0,36,0,false,
Idle,Virtual,119,0,0.150958,37,0,36,0,false,
Idle,Plain,0,0,0.121458,37,0,36,0,false,
Idle,Plain,1,0,0.108541,37,0,36,0,false,
Idle,Plain,2,0,0.128500,37,0,36,0,false,
Idle,Plain,3,0,0.124583,37,0,36,0,false,
Idle,Plain,4,0,0.103042,37,0,36,0,false,
Idle,Plain,5,0,0.131375,37,0,36,0,false,
Idle,Plain,6,0,0.128084,37,0,36,0,false,
Idle,Plain,7,0,0.112083,37,0,36,0,false,
Idle,Plain,8,0,0.131208,37,0,36,0,false,
Idle,Plain,9,0,0.126625,37,0,36,0,false,
Idle,Plain,10,0,0.108292,37,0,36,0,false,
Idle,Plain,11,0,0.133667,37,0,36,0,false,
Idle,Plain,12,0,0.125083,37,0,36,0,false,
Idle,Plain,13,0,0.113458,37,0,36,0,false,
Idle,Plain,14,0,0.126834,37,0,36,0,false,
Idle,Plain,15,0,0.126833,37,0,36,0,false,
Idle,Plain,16,0,0.114417,37,0,36,0,false,
Idle,Plain,17,0,0.151125,37,0,36,0,false,
Idle,Plain,18,0,0.118708,37,0,36,0,false,
Idle,Plain,19,0,0.106833,37,0,36,0,false,
Idle,Plain,20,0,0.115625,37,0,36,0,false,
Idle,Plain,21,0,0.123042,37,0,36,0,false,
Idle,Plain,22,0,0.107958,37,0,36,0,false,
Idle,Plain,23,0,0.128042,37,0,36,0,false,
Idle,Plain,24,0,0.115416,37,0,36,0,false,
Idle,Plain,25,0,0.104917,37,0,36,0,false,
Idle,Plain,26,0,0.126584,37,0,36,0,false,
Idle,Plain,27,0,0.128958,37,0,36,0,false,
Idle,Plain,28,0,0.116583,37,0,36,0,false,
Idle,Plain,29,0,0.149250,37,0,36,0,false,
Idle,Plain,30,0,0.125083,37,0,36,0,false,
Idle,Plain,31,0,0.107708,37,0,36,0,false,
Idle,Plain,32,0,0.129334,37,0,36,0,false,
Idle,Plain,33,0,0.117708,37,0,36,0,false,
Idle,Plain,34,0,0.104667,37,0,36,0,false,
Idle,Plain,35,0,0.134209,37,0,36,0,false,
Idle,Plain,36,0,0.116417,37,0,36,0,false,
Idle,Plain,37,0,0.103250,37,0,36,0,false,
Idle,Plain,38,0,0.123208,37,0,36,0,false,
Idle,Plain,39,0,0.117625,37,0,36,0,false,
Idle,Plain,40,0,0.108209,37,0,36,0,false,
Idle,Plain,41,0,0.120750,37,0,36,0,false,
Idle,Plain,42,0,0.115166,37,0,36,0,false,
Idle,Plain,43,0,0.107125,37,0,36,0,false,
Idle,Plain,44,0,0.123292,37,0,36,0,false,
Idle,Plain,45,0,0.268834,37,0,36,0,false,
Idle,Plain,46,0,0.116417,37,0,36,0,false,
Idle,Plain,47,0,0.135083,37,0,36,0,false,
Idle,Plain,48,0,0.115000,37,0,36,0,false,
Idle,Plain,49,0,0.107583,37,0,36,0,false,
Idle,Plain,50,0,0.122792,37,0,36,0,false,
Idle,Plain,51,0,0.116708,37,0,36,0,false,
Idle,Plain,52,0,0.106458,37,0,36,0,false,
Idle,Plain,53,0,0.135666,37,0,36,0,false,
Idle,Plain,54,0,0.114083,37,0,36,0,false,
Idle,Plain,55,0,0.101250,37,0,36,0,false,
Idle,Plain,56,0,0.127583,37,0,36,0,false,
Idle,Plain,57,0,0.115458,37,0,36,0,false,
Idle,Plain,58,0,0.100583,37,0,36,0,false,
Idle,Plain,59,0,0.144208,37,0,36,0,false,
Idle,Plain,60,0,0.118583,37,0,36,0,false,
Idle,Plain,61,0,0.106041,37,0,36,0,false,
Idle,Plain,62,0,0.129416,37,0,36,0,false,
Idle,Plain,63,0,0.116292,37,0,36,0,false,
Idle,Plain,64,0,0.106292,37,0,36,0,false,
Idle,Plain,65,0,0.126833,37,0,36,0,false,
Idle,Plain,66,0,0.112708,37,0,36,0,false,
Idle,Plain,67,0,0.103084,37,0,36,0,false,
Idle,Plain,68,0,0.117625,37,0,36,0,false,
Idle,Plain,69,0,0.122916,37,0,36,0,false,
Idle,Plain,70,0,0.104083,37,0,36,0,false,
Idle,Plain,71,0,0.149583,37,0,36,0,false,
Idle,Plain,72,0,0.112958,37,0,36,0,false,
Idle,Plain,73,0,0.104500,37,0,36,0,false,
Idle,Plain,74,0,0.114541,37,0,36,0,false,
Idle,Plain,75,0,0.120209,37,0,36,0,false,
Idle,Plain,76,0,0.102208,37,0,36,0,false,
Idle,Plain,77,0,0.143541,37,0,36,0,false,
Idle,Plain,78,0,0.112875,37,0,36,0,false,
Idle,Plain,79,0,0.102375,37,0,36,0,false,
Idle,Plain,80,0,0.123125,37,0,36,0,false,
Idle,Plain,81,0,0.130625,37,0,36,0,false,
Idle,Plain,82,0,0.103792,37,0,36,0,false,
Idle,Plain,83,0,0.126041,37,0,36,0,false,
Idle,Plain,84,0,0.122542,37,0,36,0,false,
Idle,Plain,85,0,0.108375,37,0,36,0,false,
Idle,Plain,86,0,0.125750,37,0,36,0,false,
Idle,Plain,87,0,0.117250,37,0,36,0,false,
Idle,Plain,88,0,0.104792,37,0,36,0,false,
Idle,Plain,89,0,0.118833,37,0,36,0,false,
Idle,Plain,90,0,0.113375,37,0,36,0,false,
Idle,Plain,91,0,0.101916,37,0,36,0,false,
Idle,Plain,92,0,0.117667,37,0,36,0,false,
Idle,Plain,93,0,0.113792,37,0,36,0,false,
Idle,Plain,94,0,0.103750,37,0,36,0,false,
Idle,Plain,95,0,0.131250,37,0,36,0,false,
Idle,Plain,96,0,0.113667,37,0,36,0,false,
Idle,Plain,97,0,0.109042,37,0,36,0,false,
Idle,Plain,98,0,0.114584,37,0,36,0,false,
Idle,Plain,99,0,0.125959,37,0,36,0,false,
Idle,Plain,100,0,0.107959,37,0,36,0,false,
Idle,Plain,101,0,0.127125,37,0,36,0,false,
Idle,Plain,102,0,0.125125,37,0,36,0,false,
Idle,Plain,103,0,0.111750,37,0,36,0,false,
Idle,Plain,104,0,0.130792,37,0,36,0,false,
Idle,Plain,105,0,0.114833,37,0,36,0,false,
Idle,Plain,106,0,0.106417,37,0,36,0,false,
Idle,Plain,107,0,0.136291,37,0,36,0,false,
Idle,Plain,108,0,0.119958,37,0,36,0,false,
Idle,Plain,109,0,0.100583,37,0,36,0,false,
Idle,Plain,110,0,0.122333,37,0,36,0,false,
Idle,Plain,111,0,0.110000,37,0,36,0,false,
Idle,Plain,112,0,0.101917,37,0,36,0,false,
Idle,Plain,113,0,0.134459,37,0,36,0,false,
Idle,Plain,114,0,0.117834,37,0,36,0,false,
Idle,Plain,115,0,0.102375,37,0,36,0,false,
Idle,Plain,116,0,0.127083,37,0,36,0,false,
Idle,Plain,117,0,0.112333,37,0,36,0,false,
Idle,Plain,118,0,0.101625,37,0,36,0,false,
Idle,Plain,119,0,0.136292,37,0,36,0,false,
Scroll,All,0,0,22.480000,10000,0,9999,0,false,
Scroll,All,1,0,22.972167,10000,0,9999,0,false,
Scroll,All,2,0,24.417625,10000,0,9999,0,false,
Scroll,All,3,0,24.283875,10000,0,9999,0,false,
Scroll,All,4,0,23.215541,10000,0,9999,0,false,
Scroll,All,5,0,22.720000,10000,0,9999,0,false,
Scroll,All,6,0,24.368250,10000,0,9999,0,false,
Scroll,All,7,0,23.458042,10000,0,9999,0,false,
Scroll,All,8,0,22.341334,10000,0,9999,0,false,
Scroll,All,9,0,21.895709,10000,0,9999,0,false,
Scroll,All,10,0,23.104333,10000,0,9999,0,false,
Scroll,All,11,0,23.981375,10000,0,9999,0,false,
Scroll,All,12,0,22.842208,10000,0,9999,0,false,
Scroll,All,13,0,22.003458,10000,0,9999,0,false,
Scroll,All,14,0,22.238583,10000,0,9999,0,false,
Scroll,All,15,0,22.301916,10000,0,9999,0,false,
Scroll,All,16,0,22.843500,10000,0,9999,0,false,
Scroll,All,17,0,23.637208,10000,0,9999,0,false,
Scroll,All,18,0,22.518667,10000,0,9999,0,false,
Scroll,All,19,0,22.929250,10000,0,9999,0,false,
Scroll,All,20,0,24.014750,10000,0,9999,0,false,
Scroll,All,21,0,23.399917,10000,0,9999,0,false,
Scroll,All,22,0,22.757208,10000,0,9999,0,false,
Scroll,All,23,0,22.340542,10000,0,9999,0,false,
Scroll,All,24,0,22.152000,10000,0,9999,0,false,
Scroll,All,25,0,23.172625,10000,0,9999,0,false,
Scroll,All,26,0,22.976209,10000,0,9999,0,false,
Scroll,All,27,0,22.218833,10000,0,9999,0,false,
Scroll,All,28,0,22.263125,10000,0,9999,0,false,
Scroll,All,29,0,22.779250,10000,0,9999,0,false,
Scroll,All,30,0,23.945125,10000,0,9999,0,false,
Scroll,All,31,0,24.543000,10000,0,9999,0,false,
Scroll,All,32,0,22.730042,10000,0,9999,0,false,
Scroll,All,33,0,22.305250,10000,0,9999,0,false,
Scroll,All,34,0,22.361958,10000,0,9999,0,false,
Scroll,All,35,0,22.841792,10000,0,9999,0,false,
Scroll,All,36,0,23.166583,10000,0,9999,0,false,
Scroll,All,37,0,22.126333,10000,0,9999,0,false,
Scroll,All,38,0,22.128916,10000,0,9999,0,false,
Scroll,All,39,0,22.337334,10000,0,9999,0,false,
Scroll,All,40,0,23.448500,10000,0,9999,0,false,
Scroll,All,41,0,22.532500,10000,0,9999,0,false,
Scroll,All,42,0,23.591000,10000,0,9999,0,false,
Scroll,All,43,0,22.449542,10000,0,9999,0,false,
Scroll,All,44,0,23.349833,10000,0,9999,0,false,
Scroll,All,45,0,24.502917,10000,0,9999,0,false,
Scroll,All,46,0,22.991458,10000,0,9999,0,false,
Scroll,All,47,0,22.540916,10000,0,9999,0,false,
Scroll,All,48,0,22.096417,10000,0,9999,0,false,
Scroll,All,49,0,23.440500,10000,0,9999,0,false,
Scroll,All,50,0,24.277667,10000,0,9999,0,false,
Scroll,All,51,0,23.277500,10000,0,9999,0,false,
Scroll,All,52,0,22.398791,10000,0,9999,0,false,
Scroll,All,53,0,22.050083,10000,0,9999,0,false,
Scroll,All,54,0,23.169125,10000,0,9999,0,false,
Scroll,All,55,0,24.612500,10000,0,9999,0,false,
Scroll,All,56,0,23.757459,10000,0,9999,0,false,
Scroll,All,57,0,22.865041,10000,0,9999,0,false,
Scroll,All,58,0,22.402542,10000,0,9999,0,false,
Scroll,All,59,0,23.141292,10000,0,9999,0,false,
Scroll,All,60,0,22.678250,10000,0,9999,0,false,
Scroll,All,61,0,22.518125,10000,0,9999,0,false,
Scroll,All,62,0,22.366208,10000,0,9999,0,false,
Scroll,All,63,0,22.590292,10000,0,9999,0,false,
Scroll,All,64,0,24.013791,10000,0,9999,0,false,
Scroll,All,65,0,22.948542,10000,0,9999,0,false,
Scroll,All,66,0,22.352750,10000,0,9999,0,false,
Scroll,All,67,0,22.014125,10000,0,9999,0,false,
Scroll,All,68,0,22.440375,10000,0,9999,0,false,
Scroll,All,69,0,24.126667,10000,0,9999,0,false,
Scroll,All,70,0,22.863875,10000,0,9999,0,false,
Scroll,All,71,0,22.064625,10000,0,9999,0,false,
Scroll,All,72,0,22.045625,10000,0,9999,0,false,
Scroll,All,73,0,23.228583,10000,0,9999,0,false,
Scroll,All,74,0,23.644541,10000,0,9999,0,false,
Scroll,All,75,0,22.303292,10000,0,9999,0,false,
Scroll,All,76,0,21.937417,10000,0,9999,0,false,
Scroll,All,77,0,22.338750,10000,0,9999,0,false,
Scroll,All,78,0,24.066167,10000,0,9999,0,false,
Scroll,All,79,0,22.774209,10000,0,9999,0,false,
Scroll,All,80,0,22.159208,10000,0,9999,0,false,
Scroll,All,81,0,23.285083,10000,0,9999,0,false,
Scroll,All,82,0,24.101833,10000,0,9999,0,false,
Scroll,All,83,0,23.234750,10000,0,9999,0,false,
Scroll,All,84,0,23.101208,10000,0,9999,0,false,
Scroll,All,85,0,25.338083,10000,0,9999,0,false,
Scroll,All,86,0,22.893375,10000,0,9999,0,false,
Scroll,All,87,0,22.451791,10000,0,9999,0,false,
Scroll,All,88,0,24.525375,10000,0,9999,0,false,
Scroll,All,89,0,22.827625,10000,0,9999,0,false,
Scroll,All,90,0,22.886209,10000,0,9999,0,false,
Scroll,All,91,0,22.263875,10000,0,9999,0,false,
Scroll,All,92,0,23.391958,10000,0,9999,0,false,
Scroll,All,93,0,23.255792,10000,0,9999,0,false,
Scroll,All,94,0,22.476667,10000,0,9999,0,false,
Scroll,All,95,0,22.102542,10000,0,9999,0,false,
Scroll,All,96,0,21.957417,10000,0,9999,0,false,
Scroll,All,97,0,22.333542,10000,0,9999,0,false,
Scroll,All,98,0,23.723334,10000,0,9999,0,false,
Scroll,All,99,0,22.579667,10000,0,9999,0,false,
Scroll,All,100,0,22.512667,10000,0,9999,0,false,
Scroll,All,101,0,21.941416,10000,0,9999,0,false,
Scroll,All,102,0,23.225833,10000,0,9999,0,false,
Scroll,All,103,0,23.254375,10000,0,9999,0,false,
Scroll,All,104,0,22.290500,10000,0,9999,0,false,
Scroll,All,105,0,22.099333,10000,0,9999,0,false,
Scroll,All,106,0,22.906666,10000,0,9999,0,false,
Scroll,All,107,0,23.555959,10000,0,9999,0,false,
Scroll,All,108,0,23.208042,10000,0,9999,0,false,
Scroll,All,109,0,22.386083,10000,0,9999,0,false,
Scroll,All,110,0,22.157750,10000,0,9999,0,false,
Scroll,All,111,0,22.826292,10000,0,9999,0,false,
Scroll,All,112,0,24.418083,10000,0,9999,0,false,
Scroll,All,113,0,24.903417,10000,0,9999,0,false,
Scroll,All,114,0,22.783708,10000,0,9999,0,false,
Scroll,All,115,0,22.557167,10000,0,9999,0,false,
Scroll,All,116,0,22.338625,10000,0,9999,0,false,
Scroll,All,117,0,23.294500,10000,0,9999,0,false,
Scroll,All,118,0,23.073666,10000,0,9999,0,false,
Scroll,All,119,0,22.356334,10000,0,9999,0,false,
Scroll,Virtual,0,0,0.155334,37,0,36,0,false,
Scroll,Virtual,1,0,0.370416,37,1,37,0,false,
Scroll,Virtual,2,0,0.199709,37,2,38,0,false,
Scroll,Virtual,3,0,0.196333,37,3,39,0,false,
Scroll,Virtual,4,0,0.139250,37,4,40,0,false,
Scroll,Virtual,5,0,0.235333,37,5,41,0,false,
Scroll,Virtual,6,0,0.210584,37,6,42,0,false,
Scroll,Virtual,7,0,0.148083,37,7,43,0,false,
Scroll,Virtual,8,0,0.176959,37,8,44,0,false,
Scroll,Virtual,9,0,0.174292,37,9,45,0,false,
Scroll,Virtual,10,0,0.150083,37,10,46,0,false,
Scroll,Virtual,11,0,0.211625,37,11,47,0,false,
Scroll,Virtual,12,0,0.198125,37,12,48,0,false,
Scroll,Virtual,13,0,0.150916,37,13,49,0,false,
Scroll,Virtual,14,0,0.221334,37,14,50,0,false,
Scroll,Virtual,15,0,0.204459,37,15,51,0,false,
Scroll,Virtual,16,0,0.170042,37,16,52,0,false,
Scroll,Virtual,17,0,0.192209,37,17,53,0,false,
Scroll,Virtual,18,0,0.180750,37,18,54,0,false,
Scroll,Virtual,19,0,0.148667,37,19,55,0,false,
Scroll,Virtual,20,0,0.211083,37,20,56,0,false,
Scroll,Virtual,21,0,0.191791,37,21,57,0,false,
Scroll,Virtual,22,0,0.148125,37,22,58,0,false,
Scroll,Virtual,23,0,0.221333,37,23,59,0,false,
Scroll,Virtual,24,0,0.195125,37,24,60,0,false,
Scroll,Virtual,25,0,0.160334,37,25,61,0,false,
Scroll,Virtual,26,0,0.189125,37,26,62,0,false,
Scroll,Virtual,27,0,0.202292,37,27,63,0,false,
Scroll,Virtual,28,0,0.173500,37,28,64,0,false,
Scroll,Virtual,29,0,0.187458,37,29,65,0,false,
Scroll,Virtual,30,0,0.194958,37,30,66,0,false,
Scroll,Virtual,31,0,0.147250,37,31,67,0,false,
Scroll,Virtual,32,0,0.196792,37,32,68,0,false,
Scroll,Virtual,33,0,0.214292,37,33,69,0,false,
Scroll,Virtual,34,0,0.150167,37,34,70,0,false,
Scroll,Virtual,35,0,0.199417,37,35,71,0,false,
Scroll,Virtual,36,0,0.225250,37,36,72,0,false,
Scroll,Virtual,37,0,0.139208,37,37,73,0,false,
Scroll,Virtual,38,0,0.217500,37,38,74,0,false,
Scroll,Virtual,39,0,0.201708,37,39,75,0,false,
Scroll,Virtual,40,0,0.145375,37,40,76,0,false,
Scroll,Virtual,41,0,0.211542,37,41,77,0,false,
Scroll,Virtual,42,0,0.215584,37,42,78,0,false,
Scroll,Virtual,43,0,0.159000,37,43,79,0,false,
Scroll,Virtual,44,0,0.227834,37,44,80,0,false,
Scroll,Virtual,45,0,0.200125,37,45,81,0,false,
Scroll,Virtual,46,0,0.177000,37,46,82,0,false,
Scroll,Virtual,47,0,0.202583,37,47,83,0,false,
Scroll,Virtual,48,0,0.179375,37,48,84,0,false,
Scroll,Virtual,49,0,0.161875,37,49,85,0,false,
Scroll,Virtual,50,0,0.193375,37,50,86,0,false,
Scroll,Virtual,51,0,0.207375,37,51,87,0,false,
Scroll,Virtual,52,0,0.150542,37,52,88,0,false,
Scroll,Virtual,53,0,0.186209,37,53,89,0,false,
Scroll,Virtual,54,0,0.212042,37,54,90,0,false,
Scroll,Virtual,55,0,0.157333,37,55,91,0,false,
Scroll,Virtual,56,0,0.187916,37,56,92,0,false,
Scroll,Virtual,57,0,0.219375,37,57,93,0,false,
Scroll,Virtual,58,0,0.180042,37,58,94,0,false,
Scroll,Virtual,59,0,0.205625,37,59,95,0,false,
Scroll,Virtual,60,0,0.198625,37,60,96,0,false,
Scroll,Virtual,61,0,0.145125,37,61,97,0,false,
Scroll,Virtual,62,0,0.210792,37,62,98,0,false,
Scroll,Virtual,63,0,0.189750,37,63,99,0,false,
Scroll,Virtual,64,0,0.178459,37,64,100,0,false,
Scroll,Virtual,65,0,0.226959,37,65,101,0,false,
Scroll,Virtual,66,0,0.239708,37,66,102,0,false,
Scroll,Virtual,67,0,0.170666,37,67,103,0,false,
Scroll,Virtual,68,0,0.225000,37,68,104,0,false,
Scroll,Virtual,69,0,0.241209,37,69,105,0,false,
Scroll,Virtual,70,0,0.161666,37,70,106,0,false,
Scroll,Virtual,71,0,0.220250,37,71,107,0,false,
Scroll,Virtual,72,0,0.255625,37,72,108,0,false,
Scroll,Virtual,73,0,0.157500,37,73,109,0,false,
Scroll,Virtual,74,0,0.188750,37,74,110,0,false,
Scroll,Virtual,75,0,0.191917,37,75,111,0,false,
Scroll,Virtual,76,0,0.177250,37,76,112,0,false,
Scroll,Virtual,77,0,0.189625,37,77,113,0,false,
Scroll,Virtual,78,0,0.224375,37,78,114,0,false,
Scroll,Virtual,79,0,0.153292,37,79,115,0,false,
Scroll,Virtual,80,0,0.208542,37,80,116,0,false,
Scroll,Virtual,81,0,0.202250,37,81,117,0,false,
Scroll,Virtual,82,0,0.150125,37,82,118,0,false,
Scroll,Virtual,83,0,0.205458,37,83,119,0,false,
Scroll,Virtual,84,0,0.234959,37,84,120,0,false,
Scroll,Virtual,85,0,0.207041,37,85,121,0,false,
Scroll,Virtual,86,0,0.192417,37,86,122,0,false,
Scroll,Virtual,87,0,0.196000,37,87,123,0,false,
Scroll,Virtual,88,0,0.158500,37,88,124,0,false,
Scroll,Virtual,89,0,0.190167,37,89,125,0,false,
Scroll,Virtual,90,0,0.221666,37,90,126,0,false,
Scroll,Virtual,91,0,0.151208,37,91,127,0,false,
Scroll,Virtual,92,0,0.200250,37,92,128,0,false,
Scroll,Virtual,93,0,0.200625,37,93,129,0,false,
Scroll,Virtual,94,0,0.150958,37,94,130,0,false,
Scroll,Virtual,95,0,0.213666,37,95,131,0,false,
Scroll,Virtual,96,0,0.195542,37,96,132,0,false,
Scroll,Virtual,97,0,0.156375,37,97,133,0,false,
Scroll,Virtual,98,0,0.198584,37,98,134,0,false,
Scroll,Virtual,99,0,0.196709,37,99,135,0,false,
Scroll,Virtual,100,0,0.142458,37,100,136,0,false,
Scroll,Virtual,101,0,0.220458,37,101,137,0,false,
Scroll,Virtual,102,0,0.249167,37,102,138,0,false,
Scroll,Virtual,103,0,0.166584,37,103,139,0,false,
Scroll,Virtual,104,0,0.192834,37,104,140,0,false,
Scroll,Virtual,105,0,0.192708,37,105,141,0,false,
Scroll,Virtual,106,0,0.140333,37,106,142,0,false,
Scroll,Virtual,107,0,0.256500,37,107,143,0,false,
Scroll,Virtual,108,0,0.199500,37,108,144,0,false,
Scroll,Virtual,109,0,0.141083,37,109,145,0,false,
Scroll,Virtual,110,0,0.190875,37,110,146,0,false,
Scroll,Virtual,111,0,0.199875,37,111,147,0,false,
Scroll,Virtual,112,0,0.148875,37,112,148,0,false,
Scroll,Virtual,113,0,0.215541,37,113,149,0,false,
Scroll,Virtual,114,0,0.195750,37,114,150,0,false,
Scroll,Virtual,115,0,0.142666,37,115,151,0,false,
Scroll,Virtual,116,0,0.198041,37,116,152,0,false,
Scroll,Virtual,117,0,0.212917,37,117,153,0,false,
Scroll,Virtual,118,0,0.156084,37,118,154,0,false,
Scroll,Virtual,119,0,0.193625,37,119,155,0,false,
Scroll,Plain,0,0,0.115167,37,0,36,0,false,
Scroll,Plain,1,0,0.124959,37,1,37,0,false,
Scroll,Plain,2,0,0.148542,37,2,38,0,false,
Scroll,Plain,3,0,0.135417,37,3,39,0,false,
Scroll,Plain,4,0,0.120625,37,4,40,0,false,
Scroll,Plain,5,0,0.144417,37,5,41,0,false,
Scroll,Plain,6,0,0.123375,37,6,42,0,false,
Scroll,Plain,7,0,0.111875,37,7,43,0,false,
Scroll,Plain,8,0,0.155334,37,8,44,0,false,
Scroll,Plain,9,0,0.127292,37,9,45,0,false,
Scroll,Plain,10,0,0.115042,37,10,46,0,false,
Scroll,Plain,11,0,0.190500,37,11,47,0,false,
Scroll,Plain,12,0,0.132750,37,12,48,0,false,
Scroll,Plain,13,0,0.115416,37,13,49,0,false,
Scroll,Plain,14,0,0.142750,37,14,50,0,false,
Scroll,Plain,15,0,0.153958,37,15,51,0,false,
Scroll,Plain,16,0,0.160208,37,16,52,0,false,
Scroll,Plain,17,0,0.176000,37,17,53,0,false,
Scroll,Plain,18,0,0.130208,37,18,54,0,false,
Scroll,Plain,19,0,0.111416,37,19,55,0,false,
Scroll,Plain,20,0,0.194875,37,20,56,0,false,
Scroll,Plain,21,0,0.127083,37,21,57,0,false,
Scroll,Plain,22,0,0.112125,37,22,58,0,false,
Scroll,Plain,23,0,0.160750,37,23,59,0,false,
Scroll,Plain,24,0,0.147792,37,24,60,0,false,
Scroll,Plain,25,0,0.135709,37,25,61,0,false,
Scroll,Plain,26,0,0.147792,37,26,62,0,false,
Scroll,Plain,27,0,0.136042,37,27,63,0,false,
Scroll,Plain,28,0,0.127209,37,28,64,0,false,
Scroll,Plain,29,0,0.154833,37,29,65,0,false,
Scroll,Plain,30,0,0.133041,37,30,66,0,false,
Scroll,Plain,31,0,0.124125,37,31,67,0,false,
Scroll,Plain,32,0,0.155750,37,32,68,0,false,
Scroll,Plain,33,0,0.145250,37,33,69,0,false,
Scroll,Plain,34,0,0.113792,37,34,70,0,false,
Scroll,Plain,35,0,0.156459,37,35,71,0,false,
Scroll,Plain,36,0,0.125792,37,36,72,0,false,
Scroll,Plain,37,0,0.109833,37,37,73,0,false,
Scroll,Plain,38,0,0.177666,37,38,74,0,false,
Scroll,Plain,39,0,0.133125,37,39,75,0,false,
Scroll,Plain,40,0,0.115500,37,40,76,0,false,
Scroll,Plain,41,0,0.164666,37,41,77,0,false,
Scroll,Plain,42,0,0.134750,37,42,78,0,false,
Scroll,Plain,43,0,0.142417,37,43,79,0,false,
Scroll,Plain,44,0,0.174958,37,44,80,0,false,
Scroll,Plain,45,0,0.135542,37,45,81,0,false,
Scroll,Plain,46,0,0.111125,37,46,82,0,false,
Scroll,Plain,47,0,0.166542,37,47,83,0,false,
Scroll,Plain,48,0,0.133208,37,48,84,0,false,
Scroll,Plain,49,0,0.114208,37,49,85,0,false,
Scroll,Plain,50,0,0.148750,37,50,86,0,false,
Scroll,Plain,51,0,0.146209,37,51,87,0,false,
Scroll,Plain,52,0,0.124375,37,52,88,0,false,
Scroll,Plain,53,0,0.155291,37,53,89,0,false,
Scroll,Plain,54,0,0.139042,37,54,90,0,false,
Scroll,Plain,55,0,0.128792,37,55,91,0,false,
Scroll,Plain,56,0,0.148083,37,56,92,0,false,
Scroll,Plain,57,0,0.145000,37,57,93,0,false,
Scroll,Plain,58,0,0.131959,37,58,94,0,false,
Scroll,Plain,59,0,0.161083,37,59,95,0,false,
Scroll,Plain,60,0,0.132625,37,60,96,0,false,
Scroll,Plain,61,0,0.116708,37,61,97,0,false,
Scroll,Plain,62,0,0.153875,37,62,98,0,false,
Scroll,Plain,63,0,0.164000,37,63,99,0,false,
Scroll,Plain,64,0,0.149292,37,64,100,0,false,
Scroll,Plain,65,0,0.174875,37,65,101,0,false,
Scroll,Plain,66,0,0.148833,37,66,102,0,false,
Scroll,Plain,67,0,0.129167,37,67,103,0,false,
Scroll,Plain,68,0,0.179250,37,68,104,0,false,
Scroll,Plain,69,0,0.144708,37,69,105,0,false,
Scroll,Plain,70,0,0.127833,37,70,106,0,false,
Scroll,Plain,71,0,0.186250,37,71,107,0,false,
Scroll,Plain,72,0,0.153500,37,72,108,0,false,
Scroll,Plain,73,0,0.123500,37,73,109,0,false,
Scroll,Plain,74,0,0.152375,37,74,110,0,false,
Scroll,Plain,75,0,0.137584,37,75,111,0,false,
Scroll,Plain,76,0,0.116250,37,76,112,0,false,
Scroll,Plain,77,0,0.143208,37,77,113,0,false,
Scroll,Plain,78,0,0.132208,37,78,114,0,false,
Scroll,Plain,79,0,0.123667,37,79,115,0,false,
Scroll,Plain,80,0,0.157209,37,80,116,0,false,
Scroll,Plain,81,0,0.141834,37,81,117,0,false,
Scroll,Plain,82,0,0.117125,37,82,118,0,false,
Scroll,Plain,83,0,0.167500,37,83,119,0,false,
Scroll,Plain,84,0,0.148125,37,84,120,0,false,
Scroll,Plain,85,0,0.137084,37,85,121,0,false,
Scroll,Plain,86,0,0.156417,37,86,122,0,false,
Scroll,Plain,87,0,0.137208,37,87,123,0,false,
Scroll,Plain,88,0,0.124375,37,88,124,0,false,
Scroll,Plain,89,0,0.166500,37,89,125,0,false,
Scroll,Plain,90,0,0.136000,37,90,126,0,false,
Scroll,Plain,91,0,0.114250,37,91,127,0,false,
Scroll,Plain,92,0,0.155417,37,92,128,0,false,
Scroll,Plain,93,0,0.127291,37,93,129,0,false,
Scroll,Plain,94,0,0.111666,37,94,130,0,false,
Scroll,Plain,95,0,0.160459,37,95,131,0,false,
Scroll,Plain,96,0,0.130834,37,96,132,0,false,
Scroll,Plain,97,0,0.114083,37,97,133,0,false,
Scroll,Plain,98,0,0.146291,37,98,134,0,false,
Scroll,Plain,99,0,0.133333,37,99,135,0,false,
Scroll,Plain,100,0,0.112750,37,100,136,0,false,
Scroll,Plain,101,0,0.188041,37,101,137,0,false,
Scroll,Plain,102,0,0.145542,37,102,138,0,false,
Scroll,Plain,103,0,0.126958,37,103,139,0,false,
Scroll,Plain,104,0,0.147208,37,104,140,0,false,
Scroll,Plain,105,0,0.123542,37,105,141,0,false,
Scroll,Plain,106,0,0.109958,37,106,142,0,false,
Scroll,Plain,107,0,0.171000,37,107,143,0,false,
Scroll,Plain,108,0,0.135917,37,108,144,0,false,
Scroll,Plain,109,0,0.125416,37,109,145,0,false,
Scroll,Plain,110,0,0.158250,37,110,146,0,false,
Scroll,Plain,111,0,0.133583,37,111,147,0,false,
Scroll,Plain,112,0,0.117541,37,112,148,0,false,
Scroll,Plain,113,0,0.193083,37,113,149,0,false,
Scroll,Plain,114,0,0.129333,37,114,150,0,false,
Scroll,Plain,115,0,0.113375,37,115,151,0,false,
Scroll,Plain,116,0,0.161333,37,116,152,0,false,
Scroll,Plain,117,0,0.134917,37,117,153,0,false,
Scroll,Plain,118,0,0.122375,37,118,154,0,false,
Scroll,Plain,119,0,0.151167,37,119,155,0,false,
Filter,All,0,0,29.458916,5000,0,4999,1,false,egui-react: layout changed: a node was removed; a container moved [[0.0 6620.0] - [584.0 6638.0]] -> [[0.0 3340.0] - [584.0 3358.0]]
Filter,All,0,1,29.458916,5000,0,4999,0,false,
Filter,All,1,0,9.393375,1250,0,1249,1,false,egui-react: layout changed: a node was removed; a container moved [[0.0 6880.0] - [584.0 6898.0]] -> [[0.0 1720.0] - [584.0 1738.0]]
Filter,All,1,1,9.393375,1250,0,1249,0,false,
Filter,All,2,0,3.662875,1250,0,1249,0,false,
Filter,All,3,0,3.461667,1250,0,1249,0,false,
Filter,All,4,0,156.631541,10000,0,9999,1,false,egui-react: layout changed: a widget drew for the first time; a container moved [[0.0 1720.0] - [584.0 1738.0]] -> [[0.0 13760.0] - [584.0 13778.0]]
Filter,All,4,1,156.631541,10000,0,9999,0,false,
Filter,All,5,0,35.423958,5000,0,4999,1,false,egui-react: layout changed: a node was removed; a container moved [[0.0 6620.0] - [584.0 6638.0]] -> [[0.0 3340.0] - [584.0 3358.0]]
Filter,All,5,1,35.423958,5000,0,4999,0,false,
Filter,All,6,0,9.716333,1250,0,1249,1,false,egui-react: layout changed: a node was removed; a container moved [[0.0 6880.0] - [584.0 6898.0]] -> [[0.0 1720.0] - [584.0 1738.0]]
Filter,All,6,1,9.716333,1250,0,1249,0,false,
Filter,All,7,0,3.828250,1250,0,1249,0,false,
Filter,All,8,0,3.431208,1250,0,1249,0,false,
Filter,All,9,0,166.901791,10000,0,9999,1,false,egui-react: layout changed: a widget drew for the first time; a container moved [[0.0 1720.0] - [584.0 1738.0]] -> [[0.0 13760.0] - [584.0 13778.0]]
Filter,All,9,1,166.901791,10000,0,9999,0,false,
Filter,All,10,0,35.634041,5000,0,4999,1,false,egui-react: layout changed: a node was removed; a container moved [[0.0 6620.0] - [584.0 6638.0]] -> [[0.0 3340.0] - [584.0 3358.0]]
Filter,All,10,1,35.634041,5000,0,4999,0,false,
Filter,All,11,0,9.851250,1250,0,1249,1,false,egui-react: layout changed: a node was removed; a container moved [[0.0 6880.0] - [584.0 6898.0]] -> [[0.0 1720.0] - [584.0 1738.0]]
Filter,All,11,1,9.851250,1250,0,1249,0,false,
Filter,All,12,0,3.688000,1250,0,1249,0,false,
Filter,All,13,0,3.465875,1250,0,1249,0,false,
Filter,All,14,0,168.604959,10000,0,9999,1,false,egui-react: layout changed: a widget drew for the first time; a container moved [[0.0 1720.0] - [584.0 1738.0]] -> [[0.0 13760.0] - [584.0 13778.0]]
Filter,All,14,1,168.604959,10000,0,9999,0,false,
Filter,All,15,0,38.334834,5000,0,4999,1,false,egui-react: layout changed: a node was removed; a container moved [[0.0 6620.0] - [584.0 6638.0]] -> [[0.0 3340.0] - [584.0 3358.0]]
Filter,All,15,1,38.334834,5000,0,4999,0,false,
Filter,All,16,0,9.883750,1250,0,1249,1,false,egui-react: layout changed: a node was removed; a container moved [[0.0 6880.0] - [584.0 6898.0]] -> [[0.0 1720.0] - [584.0 1738.0]]
Filter,All,16,1,9.883750,1250,0,1249,0,false,
Filter,All,17,0,3.789041,1250,0,1249,0,false,
Filter,All,18,0,3.437458,1250,0,1249,0,false,
Filter,All,19,0,171.126459,10000,0,9999,1,false,egui-react: layout changed: a widget drew for the first time; a container moved [[0.0 1720.0] - [584.0 1738.0]] -> [[0.0 13760.0] - [584.0 13778.0]]
Filter,All,19,1,171.126459,10000,0,9999,0,false,
Filter,All,20,0,34.347458,5000,0,4999,1,false,egui-react: layout changed: a node was removed; a container moved [[0.0 6620.0] - [584.0 6638.0]] -> [[0.0 3340.0] - [584.0 3358.0]]
Filter,All,20,1,34.347458,5000,0,4999,0,false,
Filter,All,21,0,9.369500,1250,0,1249,1,false,egui-react: layout changed: a node was removed; a container moved [[0.0 6880.0] - [584.0 6898.0]] -> [[0.0 1720.0] - [584.0 1738.0]]
Filter,All,21,1,9.369500,1250,0,1249,0,false,
Filter,All,22,0,3.854417,1250,0,1249,0,false,
Filter,All,23,0,3.464333,1250,0,1249,0,false,
Filter,All,24,0,168.472625,10000,0,9999,1,false,egui-react: layout changed: a widget drew for the first time; a container moved [[0.0 1720.0] - [584.0 1738.0]] -> [[0.0 13760.0] - [584.0 13778.0]]
Filter,All,24,1,168.472625,10000,0,9999,0,false,
Filter,All,25,0,36.157292,5000,0,4999,1,false,egui-react: layout changed: a node was removed; a container moved [[0.0 6620.0] - [584.0 6638.0]] -> [[0.0 3340.0] - [584.0 3358.0]]
Filter,All,25,1,36.157292,5000,0,4999,0,false,
Filter,All,26,0,10.490167,1250,0,1249,1,false,egui-react: layout changed: a node was removed; a container moved [[0.0 6880.0] - [584.0 6898.0]] -> [[0.0 1720.0] - [584.0 1738.0]]
Filter,All,26,1,10.490167,1250,0,1249,0,false,
Filter,All,27,0,4.297458,1250,0,1249,0,false,
Filter,All,28,0,4.249083,1250,0,1249,0,false,
Filter,All,29,0,173.137000,10000,0,9999,1,false,egui-react: layout changed: a widget drew for the first time; a container moved [[0.0 1720.0] - [584.0 1738.0]] -> [[0.0 13760.0] - [584.0 13778.0]]
Filter,All,29,1,173.137000,10000,0,9999,0,false,
Filter,All,30,0,33.817125,5000,0,4999,1,false,egui-react: layout changed: a node was removed; a container moved [[0.0 6620.0] - [584.0 6638.0]] -> [[0.0 3340.0] - [584.0 3358.0]]
Filter,All,30,1,33.817125,5000,0,4999,0,false,
Filter,All,31,0,9.846542,1250,0,1249,1,false,egui-react: layout changed: a node was removed; a container moved [[0.0 6880.0] - [584.0 6898.0]] -> [[0.0 1720.0] - [584.0 1738.0]]
Filter,All,31,1,9.846542,1250,0,1249,0,false,
Filter,All,32,0,3.673833,1250,0,1249,0,false,
Filter,All,33,0,3.435500,1250,0,1249,0,false,
Filter,All,34,0,176.761708,10000,0,9999,1,false,egui-react: layout changed: a widget drew for the first time; a container moved [[0.0 1720.0] - [584.0 1738.0]] -> [[0.0 13760.0] - [584.0 13778.0]]
Filter,All,34,1,176.761708,10000,0,9999,0,false,
Filter,All,35,0,36.434125,5000,0,4999,1,false,egui-react: layout changed: a node was removed; a container moved [[0.0 6620.0] - [584.0 6638.0]] -> [[0.0 3340.0] - [584.0 3358.0]]
Filter,All,35,1,36.434125,5000,0,4999,0,false,
Filter,All,36,0,10.000959,1250,0,1249,1,false,egui-react: layout changed: a node was removed; a container moved [[0.0 6880.0] - [584.0 6898.0]] -> [[0.0 1720.0] - [584.0 1738.0]]
Filter,All,36,1,10.000959,1250,0,1249,0,false,
Filter,All,37,0,4.060750,1250,0,1249,0,false,
Filter,All,38,0,3.631167,1250,0,1249,0,false,
Filter,All,39,0,176.461208,10000,0,9999,1,false,egui-react: layout changed: a widget drew for the first time; a container moved [[0.0 1720.0] - [584.0 1738.0]] -> [[0.0 13760.0] - [584.0 13778.0]]
Filter,All,39,1,176.461208,10000,0,9999,0,false,
Filter,All,40,0,40.701792,5000,0,4999,1,false,egui-react: layout changed: a node was removed; a container moved [[0.0 6620.0] - [584.0 6638.0]] -> [[0.0 3340.0] - [584.0 3358.0]]
Filter,All,40,1,40.701792,5000,0,4999,0,false,
Filter,All,41,0,11.044917,1250,0,1249,1,false,egui-react: layout changed: a node was removed; a container moved [[0.0 6880.0] - [584.0 6898.0]] -> [[0.0 1720.0] - [584.0 1738.0]]
Filter,All,41,1,11.044917,1250,0,1249,0,false,
Filter,All,42,0,4.411125,1250,0,1249,0,false,
Filter,All,43,0,4.804792,1250,0,1249,0,false,
Filter,All,44,0,172.023250,10000,0,9999,1,false,egui-react: layout changed: a widget drew for the first time; a container moved [[0.0 1720.0] - [584.0 1738.0]] -> [[0.0 13760.0] - [584.0 13778.0]]
Filter,All,44,1,172.023250,10000,0,9999,0,false,
Filter,All,45,0,42.321500,5000,0,4999,1,false,egui-react: layout changed: a node was removed; a container moved [[0.0 6620.0] - [584.0 6638.0]] -> [[0.0 3340.0] - [584.0 3358.0]]
Filter,All,45,1,42.321500,5000,0,4999,0,false,
Filter,All,46,0,11.911042,1250,0,1249,1,false,egui-react: layout changed: a node was removed; a container moved [[0.0 6880.0] - [584.0 6898.0]] -> [[0.0 1720.0] - [584.0 1738.0]]
Filter,All,46,1,11.911042,1250,0,1249,0,false,
Filter,All,47,0,4.312625,1250,0,1249,0,false,
Filter,All,48,0,3.666333,1250,0,1249,0,false,
Filter,All,49,0,177.441333,10000,0,9999,1,false,egui-react: layout changed: a widget drew for the first time; a container moved [[0.0 1720.0] - [584.0 1738.0]] -> [[0.0 13760.0] - [584.0 13778.0]]
Filter,All,49,1,177.441333,10000,0,9999,0,false,
Filter,All,50,0,39.387834,5000,0,4999,1,false,egui-react: layout changed: a node was removed; a container moved [[0.0 6620.0] - [584.0 6638.0]] -> [[0.0 3340.0] - [584.0 3358.0]]
Filter,All,50,1,39.387834,5000,0,4999,0,false,
Filter,All,51,0,9.865709,1250,0,1249,1,false,egui-react: layout changed: a node was removed; a container moved [[0.0 6880.0] - [584.0 6898.0]] -> [[0.0 1720.0] - [584.0 1738.0]]
Filter,All,51,1,9.865709,1250,0,1249,0,false,
Filter,All,52,0,3.908042,1250,0,1249,0,false,
Filter,All,53,0,3.616459,1250,0,1249,0,false,
Filter,All,54,0,172.930708,10000,0,9999,1,false,egui-react: layout changed: a widget drew for the first time; a container moved [[0.0 1720.0] - [584.0 1738.0]] -> [[0.0 13760.0] - [584.0 13778.0]]
Filter,All,54,1,172.930708,10000,0,9999,0,false,
Filter,All,55,0,35.340375,5000,0,4999,1,false,egui-react: layout changed: a node was removed; a container moved [[0.0 6620.0] - [584.0 6638.0]] -> [[0.0 3340.0] - [584.0 3358.0]]
Filter,All,55,1,35.340375,5000,0,4999,0,false,
Filter,All,56,0,11.141666,1250,0,1249,1,false,egui-react: layout changed: a node was removed; a container moved [[0.0 6880.0] - [584.0 6898.0]] -> [[0.0 1720.0] - [584.0 1738.0]]
Filter,All,56,1,11.141666,1250,0,1249,0,false,
Filter,All,57,0,4.276625,1250,0,1249,0,false,
Filter,All,58,0,5.732042,1250,0,1249,0,false,
Filter,All,59,0,173.984292,10000,0,9999,1,false,egui-react: layout changed: a widget drew for the first time; a container moved [[0.0 1720.0] - [584.0 1738.0]] -> [[0.0 13760.0] - [584.0 13778.0]]
Filter,All,59,1,173.984292,10000,0,9999,0,false,
Filter,All,60,0,34.419166,5000,0,4999,1,false,egui-react: layout changed: a node was removed; a container moved [[0.0 6620.0] - [584.0 6638.0]] -> [[0.0 3340.0] - [584.0 3358.0]]
Filter,All,60,1,34.419166,5000,0,4999,0,false,
Filter,All,61,0,10.484584,1250,0,1249,1,false,egui-react: layout changed: a node was removed; a container moved [[0.0 6880.0] - [584.0 6898.0]] -> [[0.0 1720.0] - [584.0 1738.0]]
Filter,All,61,1,10.484584,1250,0,1249,0,false,
Filter,All,62,0,4.029958,1250,0,1249,0,false,
Filter,All,63,0,3.807625,1250,0,1249,0,false,
Filter,All,64,0,164.783208,10000,0,9999,1,false,egui-react: layout changed: a widget drew for the first time; a container moved [[0.0 1720.0] - [584.0 1738.0]] -> [[0.0 13760.0] - [584.0 13778.0]]
Filter,All,64,1,164.783208,10000,0,9999,0,false,
Filter,All,65,0,33.202375,5000,0,4999,1,false,egui-react: layout changed: a node was removed; a container moved [[0.0 6620.0] - [584.0 6638.0]] -> [[0.0 3340.0] - [584.0 3358.0]]
Filter,All,65,1,33.202375,5000,0,4999,0,false,
Filter,All,66,0,9.460833,1250,0,1249,1,false,egui-react: layout changed: a node was removed; a container moved [[0.0 6880.0] - [584.0 6898.0]] -> [[0.0 1720.0] - [584.0 1738.0]]
Filter,All,66,1,9.460833,1250,0,1249,0,false,
Filter,All,67,0,4.274625,1250,0,1249,0,false,
Filter,All,68,0,3.822292,1250,0,1249,0,false,
Filter,All,69,0,169.198250,10000,0,9999,1,false,egui-react: layout changed: a widget drew for the first time; a container moved [[0.0 1720.0] - [584.0 1738.0]] -> [[0.0 13760.0] - [584.0 13778.0]]
Filter,All,69,1,169.198250,10000,0,9999,0,false,
Filter,All,70,0,34.654833,5000,0,4999,1,false,egui-react: layout changed: a node was removed; a container moved [[0.0 6620.0] - [584.0 6638.0]] -> [[0.0 3340.0] - [584.0 3358.0]]
Filter,All,70,1,34.654833,5000,0,4999,0,false,
Filter,All,71,0,11.731167,1250,0,1249,1,false,egui-react: layout changed: a node was removed; a container moved [[0.0 6880.0] - [584.0 6898.0]] -> [[0.0 1720.0] - [584.0 1738.0]]
Filter,All,71,1,11.731167,1250,0,1249,0,false,
Filter,All,72,0,5.001000,1250,0,1249,0,false,
Filter,All,73,0,4.981625,1250,0,1249,0,false,
Filter,All,74,0,169.767292,10000,0,9999,1,false,egui-react: layout changed: a widget drew for the first time; a container moved [[0.0 1720.0] - [584.0 1738.0]] -> [[0.0 13760.0] - [584.0 13778.0]]
Filter,All,74,1,169.767292,10000,0,9999,0,false,
Filter,All,75,0,36.268334,5000,0,4999,1,false,egui-react: layout changed: a node was removed; a container moved [[0.0 6620.0] - [584.0 6638.0]] -> [[0.0 3340.0] - [584.0 3358.0]]
Filter,All,75,1,36.268334,5000,0,4999,0,false,
Filter,All,76,0,10.755958,1250,0,1249,1,false,egui-react: layout changed: a node was removed; a container moved [[0.0 6880.0] - [584.0 6898.0]] -> [[0.0 1720.0] - [584.0 1738.0]]
Filter,All,76,1,10.755958,1250,0,1249,0,false,
Filter,All,77,0,3.769750,1250,0,1249,0,false,
Filter,All,78,0,3.487334,1250,0,1249,0,false,
Filter,All,79,0,171.550791,10000,0,9999,1,false,egui-react: layout changed: a widget drew for the first time; a container moved [[0.0 1720.0] - [584.0 1738.0]] -> [[0.0 13760.0] - [584.0 13778.0]]
Filter,All,79,1,171.550791,10000,0,9999,0,false,
Filter,All,80,0,34.185417,5000,0,4999,1,false,egui-react: layout changed: a node was removed; a container moved [[0.0 6620.0] - [584.0 6638.0]] -> [[0.0 3340.0] - [584.0 3358.0]]
Filter,All,80,1,34.185417,5000,0,4999,0,false,
Filter,All,81,0,9.437667,1250,0,1249,1,false,egui-react: layout changed: a node was removed; a container moved [[0.0 6880.0] - [584.0 6898.0]] -> [[0.0 1720.0] - [584.0 1738.0]]
Filter,All,81,1,9.437667,1250,0,1249,0,false,
Filter,All,82,0,3.739583,1250,0,1249,0,false,
Filter,All,83,0,3.459542,1250,0,1249,0,false,
Filter,All,84,0,164.703875,10000,0,9999,1,false,egui-react: layout changed: a widget drew for the first time; a container moved [[0.0 1720.0] - [584.0 1738.0]] -> [[0.0 13760.0] - [584.0 13778.0]]
Filter,All,84,1,164.703875,10000,0,9999,0,false,
Filter,All,85,0,34.270166,5000,0,4999,1,false,egui-react: layout changed: a node was removed; a container moved [[0.0 6620.0] - [584.0 6638.0]] -> [[0.0 3340.0] - [584.0 3358.0]]
Filter,All,85,1,34.270166,5000,0,4999,0,false,
Filter,All,86,0,9.318333,1250,0,1249,1,false,egui-react: layout changed: a node was removed; a container moved [[0.0 6880.0] - [584.0 6898.0]] -> [[0.0 1720.0] - [584.0 1738.0]]
Filter,All,86,1,9.318333,1250,0,1249,0,false,
Filter,All,87,0,3.795083,1250,0,1249,0,false,
Filter,All,88,0,3.525291,1250,0,1249,0,false,
Filter,All,89,0,169.225917,10000,0,9999,1,false,egui-react: layout changed: a widget drew for the first time; a container moved [[0.0 1720.0] - [584.0 1738.0]] -> [[0.0 13760.0] - [584.0 13778.0]]
Filter,All,89,1,169.225917,10000,0,9999,0,false,
Filter,All,90,0,37.097250,5000,0,4999,1,false,egui-react: layout changed: a node was removed; a container moved [[0.0 6620.0] - [584.0 6638.0]] -> [[0.0 3340.0] - [584.0 3358.0]]
Filter,All,90,1,37.097250,5000,0,4999,0,false,
Filter,All,91,0,9.992792,1250,0,1249,1,false,egui-react: layout changed: a node was removed; a container moved [[0.0 6880.0] - [584.0 6898.0]] -> [[0.0 1720.0] - [584.0 1738.0]]
Filter,All,91,1,9.992792,1250,0,1249,0,false,
Filter,All,92,0,3.758084,1250,0,1249,0,false,
Filter,All,93,0,3.471500,1250,0,1249,0,false,
Filter,All,94,0,169.869208,10000,0,9999,1,false,egui-react: layout changed: a widget drew for the first time; a container moved [[0.0 1720.0] - [584.0 1738.0]] -> [[0.0 13760.0] - [584.0 13778.0]]
Filter,All,94,1,169.869208,10000,0,9999,0,false,
Filter,All,95,0,37.377042,5000,0,4999,1,false,egui-react: layout changed: a node was removed; a container moved [[0.0 6620.0] - [584.0 6638.0]] -> [[0.0 3340.0] - [584.0 3358.0]]
Filter,All,95,1,37.377042,5000,0,4999,0,false,
Filter,All,96,0,10.104417,1250,0,1249,1,false,egui-react: layout changed: a node was removed; a container moved [[0.0 6880.0] - [584.0 6898.0]] -> [[0.0 1720.0] - [584.0 1738.0]]
Filter,All,96,1,10.104417,1250,0,1249,0,false,
Filter,All,97,0,3.830500,1250,0,1249,0,false,
Filter,All,98,0,3.463416,1250,0,1249,0,false,
Filter,All,99,0,164.349125,10000,0,9999,1,false,egui-react: layout changed: a widget drew for the first time; a container moved [[0.0 1720.0] - [584.0 1738.0]] -> [[0.0 13760.0] - [584.0 13778.0]]
Filter,All,99,1,164.349125,10000,0,9999,0,false,
Filter,All,100,0,34.027459,5000,0,4999,1,false,egui-react: layout changed: a node was removed; a container moved [[0.0 6620.0] - [584.0 6638.0]] -> [[0.0 3340.0] - [584.0 3358.0]]
Filter,All,100,1,34.027459,5000,0,4999,0,false,
Filter,All,101,0,9.218250,1250,0,1249,1,false,egui-react: layout changed: a node was removed; a container moved [[0.0 6880.0] - [584.0 6898.0]] -> [[0.0 1720.0] - [584.0 1738.0]]
Filter,All,101,1,9.218250,1250,0,1249,0,false,
Filter,All,102,0,3.724042,1250,0,1249,0,false,
Filter,All,103,0,3.443792,1250,0,1249,0,false,
Filter,All,104,0,166.698291,10000,0,9999,1,false,egui-react: layout changed: a widget drew for the first time; a container moved [[0.0 1720.0] - [584.0 1738.0]] -> [[0.0 13760.0] - [584.0 13778.0]]
Filter,All,104,1,166.698291,10000,0,9999,0,false,
Filter,All,105,0,37.503292,5000,0,4999,1,false,egui-react: layout changed: a node was removed; a container moved [[0.0 6620.0] - [584.0 6638.0]] -> [[0.0 3340.0] - [584.0 3358.0]]
Filter,All,105,1,37.503292,5000,0,4999,0,false,
Filter,All,106,0,10.413791,1250,0,1249,1,false,egui-react: layout changed: a node was removed; a container moved [[0.0 6880.0] - [584.0 6898.0]] -> [[0.0 1720.0] - [584.0 1738.0]]
Filter,All,106,1,10.413791,1250,0,1249,0,false,
Filter,All,107,0,3.722916,1250,0,1249,0,false,
Filter,All,108,0,3.496209,1250,0,1249,0,false,
Filter,All,109,0,167.704042,10000,0,9999,1,false,egui-react: layout changed: a widget drew for the first time; a container moved [[0.0 1720.0] - [584.0 1738.0]] -> [[0.0 13760.0] - [584.0 13778.0]]
Filter,All,109,1,167.704042,10000,0,9999,0,false,
Filter,All,110,0,37.040125,5000,0,4999,1,false,egui-react: layout changed: a node was removed; a container moved [[0.0 6620.0] - [584.0 6638.0]] -> [[0.0 3340.0] - [584.0 3358.0]]
Filter,All,110,1,37.040125,5000,0,4999,0,false,
Filter,All,111,0,9.922708,1250,0,1249,1,false,egui-react: layout changed: a node was removed; a container moved [[0.0 6880.0] - [584.0 6898.0]] -> [[0.0 1720.0] - [584.0 1738.0]]
Filter,All,111,1,9.922708,1250,0,1249,0,false,
Filter,All,112,0,3.741166,1250,0,1249,0,false,
Filter,All,113,0,3.526292,1250,0,1249,0,false,
Filter,All,114,0,172.766250,10000,0,9999,1,false,egui-react: layout changed: a widget drew for the first time; a container moved [[0.0 1720.0] - [584.0 1738.0]] -> [[0.0 13760.0] - [584.0 13778.0]]
Filter,All,114,1,172.766250,10000,0,9999,0,false,
Filter,All,115,0,35.192292,5000,0,4999,1,false,egui-react: layout changed: a node was removed; a container moved [[0.0 6620.0] - [584.0 6638.0]] -> [[0.0 3340.0] - [584.0 3358.0]]
Filter,All,115,1,35.192292,5000,0,4999,0,false,
Filter,All,116,0,9.366333,1250,0,1249,1,false,egui-react: layout changed: a node was removed; a container moved [[0.0 6880.0] - [584.0 6898.0]] -> [[0.0 1720.0] - [584.0 1738.0]]
Filter,All,116,1,9.366333,1250,0,1249,0,false,
Filter,All,117,0,3.656583,1250,0,1249,0,false,
Filter,All,118,0,3.432250,1250,0,1249,0,false,
Filter,All,119,0,169.338125,10000,0,9999,1,false,egui-react: layout changed: a widget drew for the first time; a container moved [[0.0 1720.0] - [584.0 1738.0]] -> [[0.0 13760.0] - [584.0 13778.0]]
Filter,All,119,1,169.338125,10000,0,9999,0,false,
Filter,Virtual,0,0,1.082291,37,0,36,0,false,
Filter,Virtual,1,0,1.331917,37,0,36,0,false,
Filter,Virtual,2,0,1.074208,37,0,36,0,false,
Filter,Virtual,3,0,0.909292,37,0,36,0,false,
Filter,Virtual,4,0,0.909500,37,0,36,0,false,
Filter,Virtual,5,0,1.042791,37,0,36,0,false,
Filter,Virtual,6,0,1.355834,37,0,36,0,false,
Filter,Virtual,7,0,1.039334,37,0,36,0,false,
Filter,Virtual,8,0,0.893416,37,0,36,0,false,
Filter,Virtual,9,0,1.125417,37,0,36,0,false,
Filter,Virtual,10,0,0.970166,37,0,36,0,false,
Filter,Virtual,11,0,1.360334,37,0,36,0,false,
Filter,Virtual,12,0,1.068084,37,0,36,0,false,
Filter,Virtual,13,0,0.926000,37,0,36,0,false,
Filter,Virtual,14,0,1.057458,37,0,36,0,false,
Filter,Virtual,15,0,1.047084,37,0,36,0,false,
Filter,Virtual,16,0,1.292958,37,0,36,0,false,
Filter,Virtual,17,0,1.073042,37,0,36,0,false,
Filter,Virtual,18,0,0.896500,37,0,36,0,false,
Filter,Virtual,19,0,0.875875,37,0,36,0,false,
Filter,Virtual,20,0,1.059584,37,0,36,0,false,
Filter,Virtual,21,0,1.283375,37,0,36,0,false,
Filter,Virtual,22,0,1.033250,37,0,36,0,false,
Filter,Virtual,23,0,0.864417,37,0,36,0,false,
Filter,Virtual,24,0,1.058250,37,0,36,0,false,
Filter,Virtual,25,0,0.975958,37,0,36,0,false,
Filter,Virtual,26,0,1.462375,37,0,36,0,false,
Filter,Virtual,27,0,1.092166,37,0,36,0,false,
Filter,Virtual,28,0,0.929083,37,0,36,0,false,
Filter,Virtual,29,0,1.079209,37,0,36,0,false,
Filter,Virtual,30,0,1.120667,37,0,36,0,false,
Filter,Virtual,31,0,1.339292,37,0,36,0,false,
Filter,Virtual,32,0,1.072000,37,0,36,0,false,
Filter,Virtual,33,0,0.918541,37,0,36,0,false,
Filter,Virtual,34,0,0.898500,37,0,36,0,false,
Filter,Virtual,35,0,1.036500,37,0,36,0,false,
Filter,Virtual,36,0,1.662625,37,0,36,0,false,
Filter,Virtual,37,0,1.092500,37,0,36,0,false,
Filter,Virtual,38,0,0.900708,37,0,36,0,false,
Filter,Virtual,39,0,1.196875,37,0,36,0,false,
Filter,Virtual,40,0,1.048375,37,0,36,0,false,
Filter,Virtual,41,0,1.385917,37,0,36,0,false,
Filter,Virtual,42,0,1.156292,37,0,36,0,false,
Filter,Virtual,43,0,0.911334,37,0,36,0,false,
Filter,Virtual,44,0,1.198125,37,0,36,0,false,
Filter,Virtual,45,0,1.098667,37,0,36,0,false,
Filter,Virtual,46,0,1.336667,37,0,36,0,false,
Filter,Virtual,47,0,1.228917,37,0,36,0,false,
Filter,Virtual,48,0,0.931875,37,0,36,0,false,
Filter,Virtual,49,0,0.929916,37,0,36,0,false,
Filter,Virtual,50,0,1.078250,37,0,36,0,false,
Filter,Virtual,51,0,1.343000,37,0,36,0,false,
Filter,Virtual,52,0,1.030625,37,0,36,0,false,
Filter,Virtual,53,0,0.900542,37,0,36,0,false,
Filter,Virtual,54,0,1.120667,37,0,36,0,false,
Filter,Virtual,55,0,1.000333,37,0,36,0,false,
Filter,Virtual,56,0,1.319542,37,0,36,0,false,
Filter,Virtual,57,0,1.548542,37,0,36,0,false,
Filter,Virtual,58,0,1.065292,37,0,36,0,false,
Filter,Virtual,59,0,1.019167,37,0,36,0,false,
Filter,Virtual,60,0,1.028042,37,0,36,0,false,
Filter,Virtual,61,0,1.289917,37,0,36,0,false,
Filter,Virtual,62,0,1.103833,37,0,36,0,false,
Filter,Virtual,63,0,0.905000,37,0,36,0,false,
Filter,Virtual,64,0,0.887583,37,0,36,0,false,
Filter,Virtual,65,0,1.052792,37,0,36,0,false,
Filter,Virtual,66,0,1.368708,37,0,36,0,false,
Filter,Virtual,67,0,1.108000,37,0,36,0,false,
Filter,Virtual,68,0,0.905292,37,0,36,0,false,
Filter,Virtual,69,0,1.025000,37,0,36,0,false,
Filter,Virtual,70,0,0.980959,37,0,36,0,false,
Filter,Virtual,71,0,1.484125,37,0,36,0,false,
Filter,Virtual,72,0,1.034542,37,0,36,0,false,
Filter,Virtual,73,0,0.859334,37,0,36,0,false,
Filter,Virtual,74,0,1.065125,37,0,36,0,false,
Filter,Virtual,75,0,1.160250,37,0,36,0,false,
Filter,Virtual,76,0,1.357917,37,0,36,0,false,
Filter,Virtual,77,0,1.060375,37,0,36,0,false,
Filter,Virtual,78,0,0.891708,37,0,36,0,false,
Filter,Virtual,79,0,0.880708,37,0,36,0,false,
Filter,Virtual,80,0,1.340333,37,0,36,0,false,
Filter,Virtual,81,0,1.327291,37,0,36,0,false,
Filter,Virtual,82,0,1.065542,37,0,36,0,false,
Filter,Virtual,83,0,0.890709,37,0,36,0,false,
Filter,Virtual,84,0,1.041625,37,0,36,0,false,
Filter,Virtual,85,0,0.999500,37,0,36,0,false,
Filter,Virtual,86,0,1.407833,37,0,36,0,false,
Filter,Virtual,87,0,1.101875,37,0,36,0,false,
Filter,Virtual,88,0,0.890042,37,0,36,0,false,
Filter,Virtual,89,0,1.048000,37,0,36,0,false,
Filter,Virtual,90,0,1.045041,37,0,36,0,false,
Filter,Virtual,91,0,1.345500,37,0,36,0,false,
Filter,Virtual,92,0,1.087375,37,0,36,0,false,
Filter,Virtual,93,0,0.900833,37,0,36,0,false,
Filter,Virtual,94,0,0.902667,37,0,36,0,false,
Filter,Virtual,95,0,1.074375,37,0,36,0,false,
Filter,Virtual,96,0,1.384208,37,0,36,0,false,
Filter,Virtual,97,0,1.046000,37,0,36,0,false,
Filter,Virtual,98,0,0.901417,37,0,36,0,false,
Filter,Virtual,99,0,1.051875,37,0,36,0,false,
Filter,Virtual,100,0,0.978708,37,0,36,0,false,
Filter,Virtual,101,0,1.371000,37,0,36,0,false,
Filter,Virtual,102,0,1.073250,37,0,36,0,false,
Filter,Virtual,103,0,0.895583,37,0,36,0,false,
Filter,Virtual,104,0,1.042458,37,0,36,0,false,
Filter,Virtual,105,0,1.090333,37,0,36,0,false,
Filter,Virtual,106,0,1.289916,37,0,36,0,false,
Filter,Virtual,107,0,1.080833,37,0,36,0,false,
Filter,Virtual,108,0,0.889417,37,0,36,0,false,
Filter,Virtual,109,0,0.905584,37,0,36,0,false,
Filter,Virtual,110,0,1.083834,37,0,36,0,false,
Filter,Virtual,111,0,1.360416,37,0,36,0,false,
Filter,Virtual,112,0,1.083708,37,0,36,0,false,
Filter,Virtual,113,0,0.907792,37,0,36,0,false,
Filter,Virtual,114,0,1.039750,37,0,36,0,false,
Filter,Virtual,115,0,0.962000,37,0,36,0,false,
Filter,Virtual,116,0,1.347916,37,0,36,0,false,
Filter,Virtual,117,0,1.074959,37,0,36,0,false,
Filter,Virtual,118,0,0.920708,37,0,36,0,false,
Filter,Virtual,119,0,1.048584,37,0,36,0,false,
Filter,Plain,0,0,0.945291,37,0,36,0,false,
Filter,Plain,1,0,1.322875,37,0,36,0,false,
Filter,Plain,2,0,1.082667,37,0,36,0,false,
Filter,Plain,3,0,0.886250,37,0,36,0,false,
Filter,Plain,4,0,0.818542,37,0,36,0,false,
Filter,Plain,5,0,1.075584,37,0,36,0,false,
Filter,Plain,6,0,1.298041,37,0,36,0,false,
Filter,Plain,7,0,1.046125,37,0,36,0,false,
Filter,Plain,8,0,0.883625,37,0,36,0,false,
Filter,Plain,9,0,0.876583,37,0,36,0,false,
Filter,Plain,10,0,0.983834,37,0,36,0,false,
Filter,Plain,11,0,1.293333,37,0,36,0,false,
Filter,Plain,12,0,1.106083,37,0,36,0,false,
Filter,Plain,13,0,0.894333,37,0,36,0,false,
Filter,Plain,14,0,0.843375,37,0,36,0,false,
Filter,Plain,15,0,0.984083,37,0,36,0,false,
Filter,Plain,16,0,1.301375,37,0,36,0,false,
Filter,Plain,17,0,1.083958,37,0,36,0,false,
Filter,Plain,18,0,0.868959,37,0,36,0,false,
Filter,Plain,19,0,0.827125,37,0,36,0,false,
Filter,Plain,20,0,1.106250,37,0,36,0,false,
Filter,Plain,21,0,1.274709,37,0,36,0,false,
Filter,Plain,22,0,1.001167,37,0,36,0,false,
Filter,Plain,23,0,0.872792,37,0,36,0,false,
Filter,Plain,24,0,0.859916,37,0,36,0,false,
Filter,Plain,25,0,0.973167,37,0,36,0,false,
Filter,Plain,26,0,1.433417,37,0,36,0,false,
Filter,Plain,27,0,1.146333,37,0,36,0,false,
Filter,Plain,28,0,0.930292,37,0,36,0,false,
Filter,Plain,29,0,0.889709,37,0,36,0,false,
Filter,Plain,30,0,1.083041,37,0,36,0,false,
Filter,Plain,31,0,1.256417,37,0,36,0,false,
Filter,Plain,32,0,1.072625,37,0,36,0,false,
Filter,Plain,33,0,0.906875,37,0,36,0,false,
Filter,Plain,34,0,0.832167,37,0,36,0,false,
Filter,Plain,35,0,1.026000,37,0,36,0,false,
Filter,Plain,36,0,1.341583,37,0,36,0,false,
Filter,Plain,37,0,1.098208,37,0,36,0,false,
Filter,Plain,38,0,0.891833,37,0,36,0,false,
Filter,Plain,39,0,1.155250,37,0,36,0,false,
Filter,Plain,40,0,1.012833,37,0,36,0,false,
Filter,Plain,41,0,1.358375,37,0,36,0,false,
Filter,Plain,42,0,1.117750,37,0,36,0,false,
Filter,Plain,43,0,0.885959,37,0,36,0,false,
Filter,Plain,44,0,0.890959,37,0,36,0,false,
Filter,Plain,45,0,1.042583,37,0,36,0,false,
Filter,Plain,46,0,1.530917,37,0,36,0,false,
Filter,Plain,47,0,1.110000,37,0,36,0,false,
Filter,Plain,48,0,0.913292,37,0,36,0,false,
Filter,Plain,49,0,0.890333,37,0,36,0,false,
Filter,Plain,50,0,1.128333,37,0,36,0,false,
Filter,Plain,51,0,1.298458,37,0,36,0,false,
Filter,Plain,52,0,1.082458,37,0,36,0,false,
Filter,Plain,53,0,0.881250,37,0,36,0,false,
Filter,Plain,54,0,0.858125,37,0,36,0,false,
Filter,Plain,55,0,0.984083,37,0,36,0,false,
Filter,Plain,56,0,1.325250,37,0,36,0,false,
Filter,Plain,57,0,1.144000,37,0,36,0,false,
Filter,Plain,58,0,0.925041,37,0,36,0,false,
Filter,Plain,59,0,0.943000,37,0,36,0,false,
Filter,Plain,60,0,0.990709,37,0,36,0,false,
Filter,Plain,61,0,1.272833,37,0,36,0,false,
Filter,Plain,62,0,1.111041,37,0,36,0,false,
Filter,Plain,63,0,0.886625,37,0,36,0,false,
Filter,Plain,64,0,0.819250,37,0,36,0,false,
Filter,Plain,65,0,1.289417,37,0,36,0,false,
Filter,Plain,66,0,1.357209,37,0,36,0,false,
Filter,Plain,67,0,1.076708,37,0,36,0,false,
Filter,Plain,68,0,0.937584,37,0,36,0,false,
Filter,Plain,69,0,0.896917,37,0,36,0,false,
Filter,Plain,70,0,0.965708,37,0,36,0,false,
Filter,Plain,71,0,1.315375,37,0,36,0,false,
Filter,Plain,72,0,1.004875,37,0,36,0,false,
Filter,Plain,73,0,0.996417,37,0,36,0,false,
Filter,Plain,74,0,0.946125,37,0,36,0,false,
Filter,Plain,75,0,1.034250,37,0,36,0,false,
Filter,Plain,76,0,1.282958,37,0,36,0,false,
Filter,Plain,77,0,1.055084,37,0,36,0,false,
Filter,Plain,78,0,0.874250,37,0,36,0,false,
Filter,Plain,79,0,0.820000,37,0,36,0,false,
Filter,Plain,80,0,1.030542,37,0,36,0,false,
Filter,Plain,81,0,1.328000,37,0,36,0,false,
Filter,Plain,82,0,1.067542,37,0,36,0,false,
Filter,Plain,83,0,0.872625,37,0,36,0,false,
Filter,Plain,84,0,0.874500,37,0,36,0,false,
Filter,Plain,85,0,1.008958,37,0,36,0,false,
Filter,Plain,86,0,1.319209,37,0,36,0,false,
Filter,Plain,87,0,1.082791,37,0,36,0,false,
Filter,Plain,88,0,0.880334,37,0,36,0,false,
Filter,Plain,89,0,0.821833,37,0,36,0,false,
Filter,Plain,90,0,1.006083,37,0,36,0,false,
Filter,Plain,91,0,1.350709,37,0,36,0,false,
Filter,Plain,92,0,1.076291,37,0,36,0,false,
Filter,Plain,93,0,0.896583,37,0,36,0,false,
Filter,Plain,94,0,0.816375,37,0,36,0,false,
Filter,Plain,95,0,1.006167,37,0,36,0,false,
Filter,Plain,96,0,1.274708,37,0,36,0,false,
Filter,Plain,97,0,1.042291,37,0,36,0,false,
Filter,Plain,98,0,0.889667,37,0,36,0,false,
Filter,Plain,99,0,0.916833,37,0,36,0,false,
Filter,Plain,100,0,0.954125,37,0,36,0,false,
Filter,Plain,101,0,1.355084,37,0,36,0,false,
Filter,Plain,102,0,1.102291,37,0,36,0,false,
Filter,Plain,103,0,0.889250,37,0,36,0,false,
Filter,Plain,104,0,0.843542,37,0,36,0,false,
Filter,Plain,105,0,1.006750,37,0,36,0,false,
Filter,Plain,106,0,1.454917,37,0,36,0,false,
Filter,Plain,107,0,1.099958,37,0,36,0,false,
Filter,Plain,108,0,0.881166,37,0,36,0,false,
Filter,Plain,109,0,0.820459,37,0,36,0,false,
Filter,Plain,110,0,1.018917,37,0,36,0,false,
Filter,Plain,111,0,1.285042,37,0,36,0,false,
Filter,Plain,112,0,1.062917,37,0,36,0,false,
Filter,Plain,113,0,0.894625,37,0,36,0,false,
Filter,Plain,114,0,0.885875,37,0,36,0,false,
Filter,Plain,115,0,0.937875,37,0,36,0,false,
Filter,Plain,116,0,1.512708,37,0,36,0,false,
Filter,Plain,117,0,1.096459,37,0,36,0,false,
Filter,Plain,118,0,0.912667,37,0,36,0,false,
Filter,Plain,119,0,0.855583,37,0,36,0,false,
Resize,All,0,0,24.080625,10000,0,9999,0,false,
Resize,All,1,0,36.008375,10000,0,9999,0,false,
Resize,All,2,0,35.182250,10000,0,9999,0,false,
Resize,All,3,0,34.660209,10000,0,9999,0,false,
Resize,All,4,0,34.909333,10000,0,9999,0,false,
Resize,All,5,0,34.555500,10000,0,9999,0,false,
Resize,All,6,0,35.149125,10000,0,9999,0,false,
Resize,All,7,0,34.765959,10000,0,9999,0,false,
Resize,All,8,0,36.008875,10000,0,9999,0,false,
Resize,All,9,0,36.203417,10000,0,9999,0,false,
Resize,All,10,0,35.013625,10000,0,9999,0,false,
Resize,All,11,0,34.461167,10000,0,9999,0,false,
Resize,All,12,0,35.347042,10000,0,9999,0,false,
Resize,All,13,0,36.478416,10000,0,9999,0,false,
Resize,All,14,0,35.025083,10000,0,9999,0,false,
Resize,All,15,0,34.806500,10000,0,9999,0,false,
Resize,All,16,0,36.699667,10000,0,9999,0,false,
Resize,All,17,0,35.619250,10000,0,9999,0,false,
Resize,All,18,0,35.759041,10000,0,9999,0,false,
Resize,All,19,0,36.559875,10000,0,9999,0,false,
Resize,All,20,0,37.372292,10000,0,9999,0,false,
Resize,All,21,0,34.839000,10000,0,9999,0,false,
Resize,All,22,0,36.517583,10000,0,9999,0,false,
Resize,All,23,0,35.914792,10000,0,9999,0,false,
Resize,All,24,0,35.086084,10000,0,9999,0,false,
Resize,All,25,0,37.304416,10000,0,9999,0,false,
Resize,All,26,0,36.002083,10000,0,9999,0,false,
Resize,All,27,0,34.641375,10000,0,9999,0,false,
Resize,All,28,0,35.868542,10000,0,9999,0,false,
Resize,All,29,0,37.034791,10000,0,9999,0,false,
Resize,All,30,0,35.676417,10000,0,9999,0,false,
Resize,All,31,0,34.718833,10000,0,9999,0,false,
Resize,All,32,0,34.935042,10000,0,9999,0,false,
Resize,All,33,0,34.560834,10000,0,9999,0,false,
Resize,All,34,0,35.414125,10000,0,9999,0,false,
Resize,All,35,0,34.422333,10000,0,9999,0,false,
Resize,All,36,0,34.432375,10000,0,9999,0,false,
Resize,All,37,0,34.698000,10000,0,9999,0,false,
Resize,All,38,0,36.959959,10000,0,9999,0,false,
Resize,All,39,0,35.462417,10000,0,9999,0,false,
Resize,All,40,0,35.377666,10000,0,9999,0,false,
Resize,All,41,0,37.128375,10000,0,9999,0,false,
Resize,All,42,0,35.958875,10000,0,9999,0,false,
Resize,All,43,0,37.495000,10000,0,9999,0,false,
Resize,All,44,0,36.458875,10000,0,9999,0,false,
Resize,All,45,0,35.171583,10000,0,9999,0,false,
Resize,All,46,0,34.779167,10000,0,9999,0,false,
Resize,All,47,0,37.026250,10000,0,9999,0,false,
Resize,All,48,0,35.703041,10000,0,9999,0,false,
Resize,All,49,0,34.615459,10000,0,9999,0,false,
Resize,All,50,0,36.337666,10000,0,9999,0,false,
Resize,All,51,0,35.733625,10000,0,9999,0,false,
Resize,All,52,0,35.673750,10000,0,9999,0,false,
Resize,All,53,0,38.029417,10000,0,9999,0,false,
Resize,All,54,0,38.858000,10000,0,9999,0,false,
Resize,All,55,0,36.250208,10000,0,9999,0,false,
Resize,All,56,0,37.710458,10000,0,9999,0,false,
Resize,All,57,0,36.158042,10000,0,9999,0,false,
Resize,All,58,0,35.781667,10000,0,9999,0,false,
Resize,All,59,0,36.147958,10000,0,9999,0,false,
Resize,All,60,0,35.171500,10000,0,9999,0,false,
Resize,All,61,0,34.714250,10000,0,9999,0,false,
Resize,All,62,0,36.382875,10000,0,9999,0,false,
Resize,All,63,0,35.879750,10000,0,9999,0,false,
Resize,All,64,0,34.696125,10000,0,9999,0,false,
Resize,All,65,0,34.516917,10000,0,9999,0,false,
Resize,All,66,0,35.428833,10000,0,9999,0,false,
Resize,All,67,0,34.950917,10000,0,9999,0,false,
Resize,All,68,0,35.806500,10000,0,9999,0,false,
Resize,All,69,0,36.584792,10000,0,9999,0,false,
Resize,All,70,0,35.360625,10000,0,9999,0,false,
Resize,All,71,0,36.046083,10000,0,9999,0,false,
Resize,All,72,0,36.749708,10000,0,9999,0,false,
Resize,All,73,0,34.868917,10000,0,9999,0,false,
Resize,All,74,0,35.433500,10000,0,9999,0,false,
Resize,All,75,0,37.807417,10000,0,9999,0,false,
Resize,All,76,0,36.949458,10000,0,9999,0,false,
Resize,All,77,0,35.467750,10000,0,9999,0,false,
Resize,All,78,0,37.447209,10000,0,9999,0,false,
Resize,All,79,0,35.778208,10000,0,9999,0,false,
Resize,All,80,0,36.220625,10000,0,9999,0,false,
Resize,All,81,0,36.914167,10000,0,9999,0,false,
Resize,All,82,0,35.924958,10000,0,9999,0,false,
Resize,All,83,0,36.175750,10000,0,9999,0,false,
Resize,All,84,0,37.009042,10000,0,9999,0,false,
Resize,All,85,0,35.728792,10000,0,9999,0,false,
Resize,All,86,0,35.058250,10000,0,9999,0,false,
Resize,All,87,0,34.924708,10000,0,9999,0,false,
Resize,All,88,0,34.822292,10000,0,9999,0,false,
Resize,All,89,0,35.344791,10000,0,9999,0,false,
Resize,All,90,0,36.553458,10000,0,9999,0,false,
Resize,All,91,0,35.424500,10000,0,9999,0,false,
Resize,All,92,0,37.246500,10000,0,9999,0,false,
Resize,All,93,0,35.725500,10000,0,9999,0,false,
Resize,All,94,0,35.463750,10000,0,9999,0,false,
Resize,All,95,0,34.351583,10000,0,9999,0,false,
Resize,All,96,0,35.396750,10000,0,9999,0,false,
Resize,All,97,0,36.410833,10000,0,9999,0,false,
Resize,All,98,0,34.778292,10000,0,9999,0,false,
Resize,All,99,0,35.734459,10000,0,9999,0,false,
Resize,All,100,0,36.353959,10000,0,9999,0,false,
Resize,All,101,0,35.177708,10000,0,9999,0,false,
Resize,All,102,0,36.953750,10000,0,9999,0,false,
Resize,All,103,0,36.669584,10000,0,9999,0,false,
Resize,All,104,0,35.333417,10000,0,9999,0,false,
Resize,All,105,0,34.295833,10000,0,9999,0,false,
Resize,All,106,0,34.464459,10000,0,9999,0,false,
Resize,All,107,0,34.681458,10000,0,9999,0,false,
Resize,All,108,0,35.804292,10000,0,9999,0,false,
Resize,All,109,0,37.024833,10000,0,9999,0,false,
Resize,All,110,0,35.751459,10000,0,9999,0,false,
Resize,All,111,0,36.183500,10000,0,9999,0,false,
Resize,All,112,0,36.759583,10000,0,9999,0,false,
Resize,All,113,0,35.219000,10000,0,9999,0,false,
Resize,All,114,0,34.812500,10000,0,9999,0,false,
Resize,All,115,0,34.801375,10000,0,9999,0,false,
Resize,All,116,0,34.742500,10000,0,9999,0,false,
Resize,All,117,0,35.485958,10000,0,9999,0,false,
Resize,All,118,0,34.903791,10000,0,9999,0,false,
Resize,All,119,0,34.290834,10000,0,9999,0,false,
Resize,Virtual,0,0,0.218666,37,0,36,0,false,
Resize,Virtual,1,0,0.282083,38,0,37,1,false,egui-react: row layout changed: a widget drew for the first time
Resize,Virtual,1,1,0.282083,38,0,37,0,false,
Resize,Virtual,2,0,0.198208,38,0,37,0,false,
Resize,Virtual,3,0,0.194625,38,0,37,0,false,
Resize,Virtual,4,0,0.141000,38,0,37,0,false,
Resize,Virtual,5,0,0.323416,38,0,37,0,false,
Resize,Virtual,6,0,0.301875,38,0,37,0,false,
Resize,Virtual,7,0,0.149875,38,0,37,0,false,
Resize,Virtual,8,0,0.235375,38,0,37,0,false,
Resize,Virtual,9,0,0.227875,38,0,37,0,false,
Resize,Virtual,10,0,0.166667,38,0,37,0,false,
Resize,Virtual,11,0,0.309542,39,0,38,1,false,egui-react: row layout changed: a widget drew for the first time
Resize,Virtual,11,1,0.309542,39,0,38,0,false,
Resize,Virtual,12,0,0.197167,39,0,38,0,false,
Resize,Virtual,13,0,0.142916,39,0,38,0,false,
Resize,Virtual,14,0,0.220250,39,0,38,0,false,
Resize,Virtual,15,0,0.264917,39,0,38,0,false,
Resize,Virtual,16,0,0.176542,39,0,38,0,false,
Resize,Virtual,17,0,0.194459,39,0,38,0,false,
Resize,Virtual,18,0,0.216708,39,0,38,0,false,
Resize,Virtual,19,0,0.160334,39,0,38,0,false,
Resize,Virtual,20,0,0.244959,39,0,38,0,false,
Resize,Virtual,21,0,0.352500,40,0,39,1,false,egui-react: row layout changed: a widget drew for the first time
Resize,Virtual,21,1,0.352500,40,0,39,0,false,
Resize,Virtual,22,0,0.139417,40,0,39,0,false,
Resize,Virtual,23,0,0.249916,40,0,39,0,false,
Resize,Virtual,24,0,0.204417,40,0,39,0,false,
Resize,Virtual,25,0,0.149500,40,0,39,0,false,
Resize,Virtual,26,0,0.322292,40,0,39,0,false,
Resize,Virtual,27,0,0.310416,40,0,39,0,false,
Resize,Virtual,28,0,0.151958,40,0,39,0,false,
Resize,Virtual,29,0,0.300541,40,0,39,0,false,
Resize,Virtual,30,0,0.279625,37,0,36,0,false,
Resize,Virtual,31,0,0.146958,38,0,37,0,false,
Resize,Virtual,32,0,0.191167,38,0,37,0,false,
Resize,Virtual,33,0,0.202583,38,0,37,0,false,
Resize,Virtual,34,0,0.147500,38,0,37,0,false,
Resize,Virtual,35,0,0.194917,38,0,37,0,false,
Resize,Virtual,36,0,0.244584,38,0,37,0,false,
Resize,Virtual,37,0,0.201750,38,0,37,0,false,
Resize,Virtual,38,0,0.230375,38,0,37,0,false,
Resize,Virtual,39,0,0.230084,38,0,37,0,false,
Resize,Virtual,40,0,0.137292,38,0,37,0,false,
Resize,Virtual,41,0,0.205625,39,0,38,0,false,
Resize,Virtual,42,0,0.209708,39,0,38,0,false,
Resize,Virtual,43,0,0.158084,39,0,38,0,false,
Resize,Virtual,44,0,0.196959,39,0,38,0,false,
Resize,Virtual,45,0,0.207958,39,0,38,0,false,
Resize,Virtual,46,0,0.141584,39,0,38,0,false,
Resize,Virtual,47,0,0.220042,39,0,38,0,false,
Resize,Virtual,48,0,0.204875,39,0,38,0,false,
Resize,Virtual,49,0,0.153208,39,0,38,0,false,
Resize,Virtual,50,0,0.183167,39,0,38,0,false,
Resize,Virtual,51,0,0.321625,40,0,39,0,false,
Resize,Virtual,52,0,0.270750,40,0,39,0,false,
Resize,Virtual,53,0,0.292042,40,0,39,0,false,
Resize,Virtual,54,0,0.283833,40,0,39,0,false,
Resize,Virtual,55,0,0.154417,40,0,39,0,false,
Resize,Virtual,56,0,0.200417,40,0,39,0,false,
Resize,Virtual,57,0,0.201708,40,0,39,0,false,
Resize,Virtual,58,0,0.142916,40,0,39,0,false,
Resize,Virtual,59,0,0.263875,40,0,39,0,false,
Resize,Virtual,60,0,0.227750,37,0,36,0,false,
Resize,Virtual,61,0,0.194333,38,0,37,0,false,
Resize,Virtual,62,0,0.222666,38,0,37,0,false,
Resize,Virtual,63,0,0.195500,38,0,37,0,false,
Resize,Virtual,64,0,0.140791,38,0,37,0,false,
Resize,Virtual,65,0,0.183875,38,0,37,0,false,
Resize,Virtual,66,0,0.181208,38,0,37,0,false,
Resize,Virtual,67,0,0.139375,38,0,37,0,false,
Resize,Virtual,68,0,0.204750,38,0,37,0,false,
Resize,Virtual,69,0,0.205875,38,0,37,0,false,
Resize,Virtual,70,0,0.148917,38,0,37,0,false,
Resize,Virtual,71,0,0.306458,39,0,38,0,false,
Resize,Virtual,72,0,0.279834,39,0,38,0,false,
Resize,Virtual,73,0,0.150167,39,0,38,0,false,
Resize,Virtual,74,0,0.276833,39,0,38,0,false,
Resize,Virtual,75,0,0.202708,39,0,38,0,false,
Resize,Virtual,76,0,0.139167,39,0,38,0,false,
Resize,Virtual,77,0,0.212167,39,0,38,0,false,
Resize,Virtual,78,0,0.225666,39,0,38,0,false,
Resize,Virtual,79,0,0.150542,39,0,38,0,false,
Resize,Virtual,80,0,0.202292,39,0,38,0,false,
Resize,Virtual,81,0,0.199750,40,0,39,0,false,
Resize,Virtual,82,0,0.146250,40,0,39,0,false,
Resize,Virtual,83,0,0.257959,40,0,39,0,false,
Resize,Virtual,84,0,0.233959,40,0,39,0,false,
Resize,Virtual,85,0,0.155958,40,0,39,0,false,
Resize,Virtual,86,0,0.210167,40,0,39,0,false,
Resize,Virtual,87,0,0.199459,40,0,39,0,false,
Resize,Virtual,88,0,0.143708,40,0,39,0,false,
Resize,Virtual,89,0,0.227209,40,0,39,0,false,
Resize,Virtual,90,0,0.271958,37,0,36,0,false,
Resize,Virtual,91,0,0.226250,38,0,37,0,false,
Resize,Virtual,92,0,0.273083,38,0,37,0,false,
Resize,Virtual,93,0,0.267083,38,0,37,0,false,
Resize,Virtual,94,0,0.137000,38,0,37,0,false,
Resize,Virtual,95,0,0.212958,38,0,37,0,false,
Resize,Virtual,96,0,0.198375,38,0,37,0,false,
Resize,Virtual,97,0,0.147500,38,0,37,0,false,
Resize,Virtual,98,0,0.179042,38,0,37,0,false,
Resize,Virtual,99,0,0.232833,38,0,37,0,false,
Resize,Virtual,100,0,0.143542,38,0,37,0,false,
Resize,Virtual,101,0,0.191750,39,0,38,0,false,
Resize,Virtual,102,0,0.188000,39,0,38,0,false,
Resize,Virtual,103,0,0.145458,39,0,38,0,false,
Resize,Virtual,104,0,0.231542,39,0,38,0,false,
Resize,Virtual,105,0,0.216667,39,0,38,0,false,
Resize,Virtual,106,0,0.157709,39,0,38,0,false,
Resize,Virtual,107,0,0.253458,39,0,38,0,false,
Resize,Virtual,108,0,0.244958,39,0,38,0,false,
Resize,Virtual,109,0,0.154208,39,0,38,0,false,
Resize,Virtual,110,0,0.236542,39,0,38,0,false,
Resize,Virtual,111,0,0.273250,40,0,39,0,false,
Resize,Virtual,112,0,0.172000,40,0,39,0,false,
Resize,Virtual,113,0,0.191375,40,0,39,0,false,
Resize,Virtual,114,0,0.288209,40,0,39,0,false,
Resize,Virtual,115,0,0.232500,40,0,39,0,false,
Resize,Virtual,116,0,0.288125,40,0,39,0,false,
Resize,Virtual,117,0,0.297792,40,0,39,0,false,
Resize,Virtual,118,0,0.160208,40,0,39,0,false,
Resize,Virtual,119,0,0.206916,40,0,39,0,false,
Resize,Plain,0,0,0.159834,37,0,36,0,false,
Resize,Plain,1,0,0.166750,38,0,37,0,false,
Resize,Plain,2,0,0.216917,38,0,37,0,false,
Resize,Plain,3,0,0.130583,38,0,37,0,false,
Resize,Plain,4,0,0.123750,38,0,37,0,false,
Resize,Plain,5,0,0.281125,38,0,37,0,false,
Resize,Plain,6,0,0.230750,38,0,37,0,false,
Resize,Plain,7,0,0.205417,38,0,37,0,false,
Resize,Plain,8,0,0.200917,38,0,37,0,false,
Resize,Plain,9,0,0.127708,38,0,37,0,false,
Resize,Plain,10,0,0.117125,38,0,37,0,false,
Resize,Plain,11,0,0.174042,39,0,38,0,false,
Resize,Plain,12,0,0.130542,39,0,38,0,false,
Resize,Plain,13,0,0.117000,39,0,38,0,false,
Resize,Plain,14,0,0.197833,39,0,38,0,false,
Resize,Plain,15,0,0.141583,39,0,38,0,false,
Resize,Plain,16,0,0.144208,39,0,38,0,false,
Resize,Plain,17,0,0.179209,39,0,38,0,false,
Resize,Plain,18,0,0.131792,39,0,38,0,false,
Resize,Plain,19,0,0.115791,39,0,38,0,false,
Resize,Plain,20,0,0.328042,39,0,38,0,false,
Resize,Plain,21,0,0.180000,40,0,39,0,false,
Resize,Plain,22,0,0.157500,40,0,39,0,false,
Resize,Plain,23,0,0.202041,40,0,39,0,false,
Resize,Plain,24,0,0.137333,40,0,39,0,false,
Resize,Plain,25,0,0.122084,40,0,39,0,false,
Resize,Plain,26,0,0.165417,40,0,39,0,false,
Resize,Plain,27,0,0.225417,40,0,39,0,false,
Resize,Plain,28,0,0.204375,40,0,39,0,false,
Resize,Plain,29,0,0.162375,40,0,39,0,false,
Resize,Plain,30,0,0.229333,37,0,36,0,false,
Resize,Plain,31,0,0.209542,38,0,37,0,false,
Resize,Plain,32,0,0.244709,38,0,37,0,false,
Resize,Plain,33,0,0.130916,38,0,37,0,false,
Resize,Plain,34,0,0.118291,38,0,37,0,false,
Resize,Plain,35,0,0.144583,38,0,37,0,false,
Resize,Plain,36,0,0.132917,38,0,37,0,false,
Resize,Plain,37,0,0.118667,38,0,37,0,false,
Resize,Plain,38,0,0.210875,38,0,37,0,false,
Resize,Plain,39,0,0.164250,38,0,37,0,false,
Resize,Plain,40,0,0.153709,38,0,37,0,false,
Resize,Plain,41,0,0.207542,39,0,38,0,false,
Resize,Plain,42,0,0.148875,39,0,38,0,false,
Resize,Plain,43,0,0.117500,39,0,38,0,false,
Resize,Plain,44,0,0.178666,39,0,38,0,false,
Resize,Plain,45,0,0.127958,39,0,38,0,false,
Resize,Plain,46,0,0.115542,39,0,38,0,false,
Resize,Plain,47,0,0.262208,39,0,38,0,false,
Resize,Plain,48,0,0.141292,39,0,38,0,false,
Resize,Plain,49,0,0.115958,39,0,38,0,false,
Resize,Plain,50,0,0.149250,39,0,38,0,false,
Resize,Plain,51,0,0.152458,40,0,39,0,false,
Resize,Plain,52,0,0.123791,40,0,39,0,false,
Resize,Plain,53,0,0.250292,40,0,39,0,false,
Resize,Plain,54,0,0.219375,40,0,39,0,false,
Resize,Plain,55,0,0.223709,40,0,39,0,false,
Resize,Plain,56,0,0.178500,40,0,39,0,false,
Resize,Plain,57,0,0.129708,40,0,39,0,false,
Resize,Plain,58,0,0.116375,40,0,39,0,false,
Resize,Plain,59,0,0.163958,40,0,39,0,false,
Resize,Plain,60,0,0.141583,37,0,36,0,false,
Resize,Plain,61,0,0.127791,38,0,37,0,false,
Resize,Plain,62,0,0.196417,38,0,37,0,false,
Resize,Plain,63,0,0.128709,38,0,37,0,false,
Resize,Plain,64,0,0.116042,38,0,37,0,false,
Resize,Plain,65,0,0.144500,38,0,37,0,false,
Resize,Plain,66,0,0.123584,38,0,37,0,false,
Resize,Plain,67,0,0.112250,38,0,37,0,false,
Resize,Plain,68,0,0.173667,38,0,37,0,false,
Resize,Plain,69,0,0.138084,38,0,37,0,false,
Resize,Plain,70,0,0.118875,38,0,37,0,false,
Resize,Plain,71,0,0.158083,39,0,38,0,false,
Resize,Plain,72,0,0.228458,39,0,38,0,false,
Resize,Plain,73,0,0.202000,39,0,38,0,false,
Resize,Plain,74,0,0.266292,39,0,38,0,false,
Resize,Plain,75,0,0.129125,39,0,38,0,false,
Resize,Plain,76,0,0.113792,39,0,38,0,false,
Resize,Plain,77,0,0.146584,39,0,38,0,false,
Resize,Plain,78,0,0.144125,39,0,38,0,false,
Resize,Plain,79,0,0.122417,39,0,38,0,false,
Resize,Plain,80,0,0.168458,39,0,38,0,false,
Resize,Plain,81,0,0.142708,40,0,39,0,false,
Resize,Plain,82,0,0.122541,40,0,39,0,false,
Resize,Plain,83,0,0.223959,40,0,39,0,false,
Resize,Plain,84,0,0.181125,40,0,39,0,false,
Resize,Plain,85,0,0.158833,40,0,39,0,false,
Resize,Plain,86,0,0.197083,40,0,39,0,false,
Resize,Plain,87,0,0.135084,40,0,39,0,false,
Resize,Plain,88,0,0.120125,40,0,39,0,false,
Resize,Plain,89,0,0.152959,40,0,39,0,false,
Resize,Plain,90,0,0.130084,37,0,36,0,false,
Resize,Plain,91,0,0.129750,38,0,37,0,false,
Resize,Plain,92,0,0.252417,38,0,37,0,false,
Resize,Plain,93,0,0.210875,38,0,37,0,false,
Resize,Plain,94,0,0.191375,38,0,37,0,false,
Resize,Plain,95,0,0.189875,38,0,37,0,false,
Resize,Plain,96,0,0.139875,38,0,37,0,false,
Resize,Plain,97,0,0.117917,38,0,37,0,false,
Resize,Plain,98,0,0.150750,38,0,37,0,false,
Resize,Plain,99,0,0.146500,38,0,37,0,false,
Resize,Plain,100,0,0.125125,38,0,37,0,false,
Resize,Plain,101,0,0.160500,39,0,38,0,false,
Resize,Plain,102,0,0.128250,39,0,38,0,false,
Resize,Plain,103,0,0.117917,39,0,38,0,false,
Resize,Plain,104,0,0.149625,39,0,38,0,false,
Resize,Plain,105,0,0.147750,39,0,38,0,false,
Resize,Plain,106,0,0.121125,39,0,38,0,false,
Resize,Plain,107,0,0.164000,39,0,38,0,false,
Resize,Plain,108,0,0.178125,39,0,38,0,false,
Resize,Plain,109,0,0.159166,39,0,38,0,false,
Resize,Plain,110,0,0.187708,39,0,38,0,false,
Resize,Plain,111,0,0.144667,40,0,39,0,false,
Resize,Plain,112,0,0.119583,40,0,39,0,false,
Resize,Plain,113,0,0.157083,40,0,39,0,false,
Resize,Plain,114,0,0.134334,40,0,39,0,false,
Resize,Plain,115,0,0.128834,40,0,39,0,false,
Resize,Plain,116,0,0.245042,40,0,39,0,false,
Resize,Plain,117,0,0.220916,40,0,39,0,false,
Resize,Plain,118,0,0.210667,40,0,39,0,false,
Resize,Plain,119,0,0.156834,40,0,39,0,false,
